"","lastname","firstname","Photo","Party","Votes","constituency","candidate","votes","pct_votes","rank","won","margin_victory","pct_margin","province","district"
"1","KALABA","Harry",NA,"PF","18,166","Bahati","Harry Kalaba",18166,0.817478174781748,1,1,14110,0.634956349563496,"Luapula","Mansa"
"2","LUSAKA","Makuwa A",NA,"UPND","4,056","Bahati","Makuwa A Lusaka",4056,0.182521825218252,2,0,NA,NA,"Luapula","Mansa"
"3","KASANDWE","Anthony",NA,"PF","18,430","Bangweulu","Anthony Kasandwe",18430,0.636373053416664,1,1,11043,0.38130589413349,"Luapula","Samfya"
"4","SHABANI","Sally M",NA,"FDD","7,387","Bangweulu","Sally M Shabani",7387,0.255067159283174,2,0,NA,NA,"Luapula","Samfya"
"5","CHINAMA","Prudence M",NA,"UPND","2,040","Bangweulu","Prudence M Chinama",2040,0.0704395566451435,3,0,NA,NA,"Luapula","Samfya"
"6","KASONGO","Joseph C",NA,"IND","876","Bangweulu","Joseph C Kasongo",876,0.030247574324091,4,0,NA,NA,"Luapula","Samfya"
"7","MWANSA","Robby",NA,"RAINBOW","228","Bangweulu","Robby Mwansa",228,0.0078726563309278,5,0,NA,NA,"Luapula","Samfya"
"8","MUSHANGA","Sydney",NA,"PF","14,641","Bwacha","Sydney Mushanga",14641,0.612209910098265,1,1,6527,0.272924942504704,"Central","Kabwe"
"9","CHIBWANA","Saidi",NA,"UPND","8,114","Bwacha","Saidi Chibwana",8114,0.339284967593561,2,0,NA,NA,"Central","Kabwe"
"10","CHILESHE","Webster",NA,"FDD","686","Bwacha","Webster Chileshe",686,0.0286849257787999,3,0,NA,NA,"Central","Kabwe"
"11","CHIMOTO","Boniface",NA,"MMD","474","Bwacha","Boniface Chimoto",474,0.0198201965293749,4,0,NA,NA,"Central","Kabwe"
"12","CHANDA","Jonas K",NA,"PF","19,478","Bwana Mkubwa","Jonas K Chanda",19478,0.689657614276104,1,1,11700,0.414261941011932,"Copperbelt","Ndola"
"13","SIKALUBYA","Bryan P",NA,"UPND","7,778","Bwana Mkubwa","Bryan P Sikalubya",7778,0.275395673264172,2,0,NA,NA,"Copperbelt","Ndola"
"14","TSENZI","Deborah",NA,"FDD","506","Bwana Mkubwa","Deborah Tsenzi",506,0.0179159437736784,3,0,NA,NA,"Copperbelt","Ndola"
"15","KANGWA","Richard ON",NA,"RAINBOW","481","Bwana Mkubwa","Richard On Kangwa",481,0.0170307686860461,4,0,NA,NA,"Copperbelt","Ndola"
"16","MICHELO","Kasauta S",NA,"UPND","20,548","Bweengwa","Kasauta S Michelo",20548,0.957591574238046,1,1,19638,0.915183148476093,"Southern","Monze"
"17","MWEEMPWA","Jocelyn CM",NA,"PF","910","Bweengwa","Jocelyn Cm Mweempwa",910,0.0424084257619536,2,0,NA,NA,"Southern","Monze"
"18","TEMBO","Salatiel",NA,"PF","10,136","Chadiza","Salatiel Tembo",10136,0.485812883435583,1,1,5410,0.259298312883436,"Eastern","Chadiza"
"19","MBEWE","Allan",NA,"MMD","4,726","Chadiza","Allan Mbewe",4726,0.226514570552147,2,0,NA,NA,"Eastern","Chadiza"
"20","THOLE","Samson",NA,"UPND","3,324","Chadiza","Samson Thole",3324,0.159317484662577,3,0,NA,NA,"Eastern","Chadiza"
"21","PHIRI","Yamikani N",NA,"IND","1,637","Chadiza","Yamikani N Phiri",1637,0.0784605061349693,4,0,NA,NA,"Eastern","Chadiza"
"22","BANDA","Ziwani",NA,"IND","725","Chadiza","Ziwani Banda",725,0.0347488496932515,5,0,NA,NA,"Eastern","Chadiza"
"23","DAKA","Asarf",NA,"FDD","316","Chadiza","Asarf Daka",316,0.0151457055214724,6,0,NA,NA,"Eastern","Chadiza"
"24","MUMBA","Darious",NA,"PF","13,100","Chama North","Darious Mumba",13100,0.787448905987016,1,1,10971,0.659473431113248,"Muchinga","Chama"
"25","CHILEMBO","Todd S",NA,"UPND","2,129","Chama North","Todd S Chilembo",2129,0.127975474873768,2,0,NA,NA,"Muchinga","Chama"
"26","MTAYACHALO","Yotam",NA,"FDD","1,126","Chama North","Yotam Mtayachalo",1126,0.0676845395527771,3,0,NA,NA,"Muchinga","Chama"
"27","KALUBA","Glory",NA,"UDF","281","Chama North","Glory Kaluba",281,0.016891079586439,4,0,NA,NA,"Muchinga","Chama"
"28","MUNG'ANDU","Davison",NA,"PF","8,700","Chama South","Davison Mung'andu",8700,0.627569790088725,1,1,5989,0.432013272740388,"Muchinga","Chama"
"29","MVULA","Elijah D",NA,"IND","2,711","Chama South","Elijah D Mvula",2711,0.195556517348337,2,0,NA,NA,"Muchinga","Chama"
"30","CHIBANGA","Julius H.M",NA,"MMD","967","Chama South","Julius H.m Chibanga",967,0.0697540214960687,3,0,NA,NA,"Muchinga","Chama"
"31","NKHOWANI","Abiad Z",NA,"UPND","783","Chama South","Abiad Z Nkhowani",783,0.0564812811079853,4,0,NA,NA,"Muchinga","Chama"
"32","NG'UNI","Allan",NA,"FDD","297","Chama South","Allan Ng'uni",297,0.0214239342133737,5,0,NA,NA,"Muchinga","Chama"
"33","GOMA","Patrick K",NA,"UDF","286","Chama South","Patrick K Goma",286,0.020630455168434,6,0,NA,NA,"Muchinga","Chama"
"34","NKHOWANI","Elizabeth L P",NA,"IND","119","Chama South","Elizabeth L P Nkhowani",119,0.00858400057707567,7,0,NA,NA,"Muchinga","Chama"
"35","ZIMBA","Gerald G",NA,"PF","14,801","Chasefu","Gerald G Zimba",14801,0.672436509018218,1,1,10674,0.484939348507564,"Eastern","Lundazi"
"36","BANDA","Chifumu KB",NA,"FDD","4,127","Chasefu","Chifumu Kb Banda",4127,0.187497160510654,2,0,NA,NA,"Eastern","Lundazi"
"37","MSIMUKO","Japhet",NA,"UPND","1,795","Chasefu","Japhet Msimuko",1795,0.0815501340238971,3,0,NA,NA,"Eastern","Lundazi"
"38","NGWENYA","Davies LC",NA,"MMD","1,288","Chasefu","Davies Lc Ngwenya",1288,0.0585161964472309,4,0,NA,NA,"Eastern","Lundazi"
"39","LUMAYI","Victor",NA,"UPND","5,735","Chavuma","Victor Lumayi",5735,0.423215998819275,1,1,1263,0.0932034536196591,"North-Western","Chavuma"
"40","FWOLOSHI","Fredrick",NA,"IND","4,472","Chavuma","Fredrick Fwoloshi",4472,0.330012545199616,2,0,NA,NA,"North-Western","Chavuma"
"41","SALUKATULA","Rose",NA,"PF","1,712","Chavuma","Rose Salukatula",1712,0.126337539664969,3,0,NA,NA,"North-Western","Chavuma"
"42","SONDOYI","Martin L",NA,"IND","1,206","Chavuma","Martin L Sondoyi",1206,0.0889971219836174,4,0,NA,NA,"North-Western","Chavuma"
"43","NJAPAU","Grace",NA,"IND","352","Chavuma","Grace Njapau",352,0.0259759427348535,5,0,NA,NA,"North-Western","Chavuma"
"44","CHITANDA","Nichoulas",NA,"FDD","74","Chavuma","Nichoulas Chitanda",74,0.00546085159766807,6,0,NA,NA,"North-Western","Chavuma"
"45","SICHALWE","Lawrence J",NA,"PF","36,158","Chawama","Lawrence J Sichalwe",36158,0.6657092884102,1,1,20068,0.369474362514959,"Lusaka","Lusaka"
"46","TEMBO","Potipher",NA,"UPND","16,090","Chawama","Potipher Tembo",16090,0.296234925895241,2,0,NA,NA,"Lusaka","Lusaka"
"47","MUUNDA","Morgan",NA,"FDD","1,628","Chawama","Morgan Muunda",1628,0.0299733038755408,3,0,NA,NA,"Lusaka","Lusaka"
"48","KALUBA","Bywel M",NA,"UNIP","439","Chawama","Bywel M Kaluba",439,0.00808248181901869,4,0,NA,NA,"Lusaka","Lusaka"
"49","KOPULANDE","Sebastian C",NA,"PF","2,909","Chembe","Sebastian C Kopulande",2909,0.506001043659767,1,1,697,0.12123847625674,"Luapula","Chembe"
"50","SONGWE","Mathews B",NA,"IND","2,212","Chembe","Mathews B Songwe",2212,0.384762567403027,2,0,NA,NA,"Luapula","Chembe"
"51","KAISALA","Charles M",NA,"UPND","628","Chembe","Charles M Kaisala",628,0.109236388937206,3,0,NA,NA,"Luapula","Chembe"
"52","KATUTA","Given",NA,"FDD","8,319","Chienge","Given Katuta",8319,0.424092577487765,1,1,643,0.0327793637846656,"Luapula","Chienge"
"53","MUSONDA","Abel",NA,"PF","7,676","Chienge","Abel Musonda",7676,0.3913132137031,2,0,NA,NA,"Luapula","Chienge"
"54","CHANSA","Allan M",NA,"UPND","1,785","Chienge","Allan M Chansa",1785,0.090997145187602,3,0,NA,NA,"Luapula","Chienge"
"55","KALYANGO","Albert C",NA,"IND","938","Chienge","Albert C Kalyango",938,0.0478181076672104,4,0,NA,NA,"Luapula","Chienge"
"56","KAFWANKA","Latham Paul C",NA,"IND","898","Chienge","Latham Paul C Kafwanka",898,0.045778955954323,5,0,NA,NA,"Luapula","Chienge"
"57","NGAMBI","Frank",NA,"PF","17,266","Chifubu","Frank Ngambi",17266,0.597584189942201,1,1,5828,0.201709756688471,"Copperbelt","Ndola"
"58","LUBOZHA","Lloyd",NA,"UPND","11,438","Chifubu","Lloyd Lubozha",11438,0.395874433253729,2,0,NA,NA,"Copperbelt","Ndola"
"59","KAONA","Aaron C",NA,"FDD","189","Chifubu","Aaron C Kaona",189,0.00654137680407019,3,0,NA,NA,"Copperbelt","Ndola"
"60","MECHA","Ponde C.",NA,"PF","11,218","Chifunabuli","Ponde C. Mecha",11218,0.532567413596658,1,1,3659,0.173708697303456,"Luapula","Samfya"
"61","NKONGE","Justine N",NA,"IND","7,559","Chifunabuli","Justine N Nkonge",7559,0.358858716293202,2,0,NA,NA,"Luapula","Samfya"
"62","MPONDA","Justus",NA,"UPND","1,896","Chifunabuli","Justus Mponda",1896,0.0900113938473224,3,0,NA,NA,"Luapula","Samfya"
"63","MUCHENGWA","Chabu",NA,"FDD","391","Chifunabuli","Chabu Muchengwa",391,0.0185624762628181,4,0,NA,NA,"Luapula","Samfya"
"64","MWIINGA","Kabwe C",NA,"UPND","21,308","Chikankata","Kabwe C Mwiinga",21308,0.824325892684437,1,1,18140,0.701767960075825,"Southern","Chikankata"
"65","MWEEMBA","Hecarol N",NA,"RAINBOW","3,168","Chikankata","Hecarol N Mweemba",3168,0.122557932608612,2,0,NA,NA,"Southern","Chikankata"
"66","HAKACHIMA","Kavumbu",NA,"PF","1,250","Chikankata","Kavumbu Hakachima",1250,0.0483577701265039,3,0,NA,NA,"Southern","Chikankata"
"67","ZIMBA","Andrew",NA,"FDD","123","Chikankata","Andrew Zimba",123,0.00475840458044799,4,0,NA,NA,"Southern","Chikankata"
"68","MUKATA","Keith A",NA,"UPND","14,804","Chilanga","Keith A Mukata",14804,0.554768596589844,1,1,4073,0.152632565111486,"Lusaka","Chilanga"
"69","MOONO","Cosmas",NA,"PF","10,731","Chilanga","Cosmas Moono",10731,0.402136031478359,2,0,NA,NA,"Lusaka","Chilanga"
"70","MULEYA","George CC",NA,"IND","519","Chilanga","George Cc Muleya",519,0.0194491287240023,3,0,NA,NA,"Lusaka","Chilanga"
"71","JEMPA","Morris",NA,"FDD","378","Chilanga","Morris Jempa",378,0.0141652613827993,4,0,NA,NA,"Lusaka","Chilanga"
"72","HAMUSOKOLA","Nkumbula",NA,"UNIP","253","Chilanga","Nkumbula Hamusokola",253,0.00948098182499532,5,0,NA,NA,"Lusaka","Chilanga"
"73","MUSUKWA","Richard",NA,"PF","16,310","Chililabombwe","Richard Musukwa",16310,0.595212028319101,1,1,6159,0.22476461572148,"Copperbelt","Chililabombwe"
"74","NG'ANDU","Trudy S",NA,"UPND","10,151","Chililabombwe","Trudy S Ng'andu",10151,0.370447412597621,2,0,NA,NA,"Copperbelt","Chililabombwe"
"75","MWELWA","Moses",NA,"RAINBOW","941","Chililabombwe","Moses Mwelwa",941,0.0343405590832786,3,0,NA,NA,"Copperbelt","Chililabombwe"
"76","FUNDANGA","Rosaria C",NA,"PF","13,412","Chilubi","Rosaria C Fundanga",13412,0.5467367820309,1,1,8025,0.327137091842974,"Northern","Chilubi"
"77","CHELE","Stanislaus",NA,"IND","5,387","Chilubi","Stanislaus Chele",5387,0.219599690187925,2,0,NA,NA,"Northern","Chilubi"
"78","CHISALA","Obius C",NA,"IND","3,217","Chilubi","Obius C Chisala",3217,0.131140189963719,3,0,NA,NA,"Northern","Chilubi"
"79","LUKAKI","Joseph",NA,"UPND","1,243","Chilubi","Joseph Lukaki",1243,0.0506705800823448,4,0,NA,NA,"Northern","Chilubi"
"80","CHISUPA","Chola J",NA,"FDD","1,043","Chilubi","Chola J Chisupa",1043,0.0425176307529249,5,0,NA,NA,"Northern","Chilubi"
"81","PEPALA","Mary",NA,"IND","229","Chilubi","Mary Pepala",229,0.00933512698218581,6,0,NA,NA,"Northern","Chilubi"
"82","CHANSA","Hastings",NA,"PF","9,703","Chimbamilonga","Hastings Chansa",9703,0.625475407722555,1,1,4873,0.314123638238896,"Northern","Nsama"
"83","SIKAZWE","Brian",NA,"UPND","4,830","Chimbamilonga","Brian Sikazwe",4830,0.311351769483659,2,0,NA,NA,"Northern","Nsama"
"84","KABUTA","Gilbert C",NA,"FDD","625","Chimbamilonga","Gilbert C Kabuta",625,0.0402887900470573,3,0,NA,NA,"Northern","Nsama"
"85","ZIMBA","Martin",NA,"IND","355","Chimbamilonga","Martin Zimba",355,0.0228840327467285,4,0,NA,NA,"Northern","Nsama"
"86","MWILA","Elias M",NA,"IND","14,695","Chimwemwe","Elias M Mwila",14695,0.467695735200509,1,1,5584,0.177721196690006,"Copperbelt","Kitwe"
"87","MWENYA","Musenge L",NA,"PF","9,111","Chimwemwe","Musenge L Mwenya",9111,0.289974538510503,2,0,NA,NA,"Copperbelt","Kitwe"
"88","MANENGA","Ronald",NA,"UPND","7,143","Chimwemwe","Ronald Manenga",7143,0.227339274347549,3,0,NA,NA,"Copperbelt","Kitwe"
"89","NKONDE","Ignatius",NA,"RAINBOW","237","Chimwemwe","Ignatius Nkonde",237,0.00754296626352642,4,0,NA,NA,"Copperbelt","Kitwe"
"90","MWANSA","Edward",NA,"FDD","234","Chimwemwe","Edward Mwansa",234,0.00744748567791216,5,0,NA,NA,"Copperbelt","Kitwe"
"91","NKHUWA","Matthew",NA,"PF","17,318","Chingola","Matthew Nkhuwa",17318,0.479709703332318,1,1,4104,0.113681061466441,"Copperbelt","Chingola"
"92","CHISHIKA","Donald",NA,"UPND","13,214","Chingola","Donald Chishika",13214,0.366028641865876,2,0,NA,NA,"Copperbelt","Chingola"
"93","MULENGA","Chipoka",NA,"NAREP","3,458","Chingola","Chipoka Mulenga",3458,0.0957868203096867,3,0,NA,NA,"Copperbelt","Chingola"
"94","MULONGOTI","Mcdonald",NA,"RAINBOW","1,565","Chingola","Mcdonald Mulongoti",1565,0.0433505997063793,4,0,NA,NA,"Copperbelt","Chingola"
"95","CHIPEMBA","Reuben",NA,"FDD","546","Chingola","Reuben Chipemba",546,0.01512423478574,5,0,NA,NA,"Copperbelt","Chingola"
"96","MUKOSA","Kalalwe",NA,"PF","21,422","Chinsali","Kalalwe Mukosa",21422,0.834872754199306,1,1,19321,0.752991153201606,"Muchinga","Chinsali"
"97","KALULU","Kapasa A",NA,"RAINBOW","2,101","Chinsali","Kapasa A Kalulu",2101,0.0818816009977006,2,0,NA,NA,"Muchinga","Chinsali"
"98","KABOMBO","Beddah",NA,"UPND","1,267","Chinsali","Beddah Kabombo",1267,0.0493783857515881,3,0,NA,NA,"Muchinga","Chinsali"
"99","KAMPAMBA","Henry",NA,"UNIP","453","Chinsali","Henry Kampamba",453,0.0176546241084999,4,0,NA,NA,"Muchinga","Chinsali"
"100","NG'ANDU","Bwlaya",NA,"FDD","416","Chinsali","Bwlaya Ng'andu",416,0.016212634942905,5,0,NA,NA,"Muchinga","Chinsali"
"101","MWALE","Vincent",NA,"PF","14,842","Chipangali","Vincent Mwale",14842,0.63443618021715,1,1,10928,0.467128323501753,"Eastern","Chipata"
"102","TEMBO","Champion C",NA,"UPND","3,914","Chipangali","Champion C Tembo",3914,0.167307856715397,2,0,NA,NA,"Eastern","Chipata"
"103","BANDA","Ezra B",NA,"MMD","3,288","Chipangali","Ezra B Banda",3288,0.140548858681713,3,0,NA,NA,"Eastern","Chipata"
"104","PHIRI","Harrison",NA,"RAINBOW","1,350","Chipangali","Harrison Phiri",1350,0.0577071043857399,4,0,NA,NA,"Eastern","Chipata"
"105","MAWERE","Moses",NA,"PF","18,232","Chipata Central","Moses Mawere",18232,0.555345720377703,1,1,9157,0.278921717940908,"Eastern","Chipata"
"106","PHIRI","Mtolo R",NA,"MMD","9,075","Chipata Central","Mtolo R Phiri",9075,0.276424002436796,2,0,NA,NA,"Eastern","Chipata"
"107","UNDI","Nedson",NA,"UPND","4,543","Chipata Central","Nedson Undi",4543,0.138379530916844,3,0,NA,NA,"Eastern","Chipata"
"108","LUNGU","Watson",NA,"UNIP","411","Chipata Central","Watson Lungu",411,0.0125190374657326,4,0,NA,NA,"Eastern","Chipata"
"109","NACHANGWE","Dorcas",NA,"RAINBOW","297","Chipata Central","Dorcas Nachangwe",297,0.00904660371611331,5,0,NA,NA,"Eastern","Chipata"
"110","CHUNGU","Mumamba P",NA,"FDD","272","Chipata Central","Mumamba P Chungu",272,0.00828510508681084,6,0,NA,NA,"Eastern","Chipata"
"111","CHABI","Jewis",NA,"IND","6,594","Chipili","Jewis Chabi",6594,0.529766208724994,1,1,1022,0.0821081385072709,"Luapula","Chipili"
"112","MWILA","Davies",NA,"PF","5,572","Chipili","Davies Mwila",5572,0.447658070217723,2,0,NA,NA,"Luapula","Chipili"
"113","NG'ONA","Kenneth",NA,"UPND","142","Chipili","Kenneth Ng'ona",142,0.0114083714951394,3,0,NA,NA,"Luapula","Chipili"
"114","MULENGA","Rosalyn C",NA,"RAINBOW","139","Chipili","Rosalyn C Mulenga",139,0.0111673495621435,4,0,NA,NA,"Luapula","Chipili"
"115","SYAKALIMA","Douglas M",NA,"UPND","13,755","Chirundu","Douglas M Syakalima",13755,0.730677290836653,1,1,8685,0.461354581673307,"Lusaka","Chirundu"
"116","SIAMAILI","Workwell",NA,"PF","5,070","Chirundu","Workwell Siamaili",5070,0.269322709163347,2,0,NA,NA,"Lusaka","Chirundu"
"117","KASANDA","Chushi C",NA,"UPND","13,430","Chisamba","Chushi C Kasanda",13430,0.606895928419721,1,1,7858,0.355099643002395,"Central","Chisamba"
"118","SHIKWESHA","Daniel",NA,"PF","5,572","Chisamba","Daniel Shikwesha",5572,0.251796285417326,2,0,NA,NA,"Central","Chisamba"
"119","MUTETEKA","Naomi C",NA,"MMD","1,363","Chisamba","Naomi C Muteteka",1363,0.0615933842469158,3,0,NA,NA,"Central","Chisamba"
"120","KAYEWA","Cyprian",NA,"IND","1,302","Chisamba","Cyprian Kayewa",1302,0.0588368204618374,4,0,NA,NA,"Central","Chisamba"
"121","CHIPINDI","Ferdinand N",NA,"RAINBOW","279","Chisamba","Ferdinand N Chipindi",279,0.0126078900989652,5,0,NA,NA,"Central","Chisamba"
"122","HAMWEENE","Obrain E",NA,"FDD","183","Chisamba","Obrain E Hamweene",183,0.00826969135523521,6,0,NA,NA,"Central","Chisamba"
"123","MUTALE","Remember C",NA,"PF","8,714","Chitambo","Remember C Mutale",8714,0.826990604536396,1,1,7492,0.711018316408845,"Central","Chitambo"
"124","MALAMA","Mushili A",NA,"MMD","1,222","Chitambo","Mushili A Malama",1222,0.115972288127551,2,0,NA,NA,"Central","Chitambo"
"125","CHIBWANA","Stanley",NA,"UPND","407","Chitambo","Stanley Chibwana",407,0.0386257948182595,3,0,NA,NA,"Central","Chitambo"
"126","MUKANDO","Crawford K",NA,"FDD","194","Chitambo","Crawford K Mukando",194,0.0184113125177944,4,0,NA,NA,"Central","Chitambo"
"127","MWEETWA","Cornelius",NA,"UPND","44,925","Choma Central","Cornelius Mweetwa",44925,0.85854339060141,1,1,40047,0.765321917939114,"Southern","Choma"
"128","MOONO","Getrude",NA,"PF","4,878","Choma Central","Getrude Moono",4878,0.0932214726622967,2,0,NA,NA,"Southern","Choma"
"129","MUSIYA","Ackim",NA,"IND","1,783","Choma Central","Ackim Musiya",1783,0.0340741873220326,3,0,NA,NA,"Southern","Choma"
"130","HAMWEEMBA","Bernadette",NA,"RAINBOW","741","Choma Central","Bernadette Hamweemba",741,0.0141609494142603,4,0,NA,NA,"Southern","Choma"
"131","MWAKALOMBE","Japhen",NA,"PF","18,688","Chongwe","Japhen Mwakalombe",18688,0.524031181649935,1,1,2857,0.080113285850485,"Lusaka","Chongwe"
"132","MASEBO","Sylvia T",NA,"UPND","15,831","Chongwe","Sylvia T Masebo",15831,0.44391789579945,2,0,NA,NA,"Lusaka","Chongwe"
"133","CHULU","David",NA,"FDD","1,143","Chongwe","David Chulu",1143,0.0320509225506141,3,0,NA,NA,"Lusaka","Chongwe"
"134","SING'OMBE","Edgar",NA,"UPND","23,394","Dundumwezi","Edgar Sing'ombe",23394,0.758216114604265,1,1,18400,0.596357036364815,"Southern","Kalomo"
"135","KALILO","Caster",NA,"IND","4,994","Dundumwezi","Caster Kalilo",4994,0.16185907823945,2,0,NA,NA,"Southern","Kalomo"
"136","HAMOONGA","Kenmax",NA,"IND","1,922","Dundumwezi","Kenmax Hamoonga",1922,0.0622933817333247,3,0,NA,NA,"Southern","Kalomo"
"137","MAINGAILA","Nchimunya P",NA,"PF","493","Dundumwezi","Nchimunya P Maingaila",493,0.0159784792895573,4,0,NA,NA,"Southern","Kalomo"
"138","MATYOLA","Oren",NA,"FDD","51","Dundumwezi","Oren Matyola",51,0.00165294613340248,5,0,NA,NA,"Southern","Kalomo"
"139","MITI","Stephen",NA,"IND","3,491","Feira","Stephen Miti",3491,0.424025264180736,1,1,354,0.0429976922142597,"Lusaka","Luangwa"
"140","NGOMA","Patrick A",NA,"PF","3,137","Feira","Patrick A Ngoma",3137,0.381027571966476,2,0,NA,NA,"Lusaka","Luangwa"
"141","CHIKANI","Luke L",NA,"UPND","1,605","Feira","Luke L Chikani",1605,0.194947163852788,3,0,NA,NA,"Lusaka","Luangwa"
"142","CHISANGANO","Attractor M",NA,"UPND","19,958","Gwembe","Attractor M Chisangano",19958,0.923981481481482,1,1,18583,0.860324074074074,"Southern","Gwembe"
"143","NTUUNDU","Muleya M",NA,"PF","1,375","Gwembe","Muleya M Ntuundu",1375,0.0636574074074074,2,0,NA,NA,"Southern","Gwembe"
"144","MWIINGA","Sebestian",NA,"FDD","267","Gwembe","Sebestian Mwiinga",267,0.0123611111111111,3,0,NA,NA,"Southern","Gwembe"
"145","MUCHIMA","Elijah",NA,"UPND","10,395","Ikeleng'i","Elijah Muchima",10395,0.781872884543061,1,1,8466,0.636780744640842,"North-Western","Ikelenge"
"146","KAWANGU","Abiud",NA,"PF","1,929","Ikeleng'i","Abiud Kawangu",1929,0.145092139902219,2,0,NA,NA,"North-Western","Ikelenge"
"147","KAVWANDA","Richard",NA,"ADD","784","Ikeleng'i","Richard Kavwanda",784,0.0589695374200827,3,0,NA,NA,"North-Western","Ikelenge"
"148","LUWI","Winford S",NA,"FDD","187","Ikeleng'i","Winford S Luwi",187,0.0140654381346371,4,0,NA,NA,"North-Western","Ikelenge"
"149","SICHONE","Malozo",NA,"PF","13,654","Isoka","Malozo Sichone",13654,0.715318524727578,1,1,9058,0.47453897736798,"Muchinga","Isoka"
"150","SIAME","Francis",NA,"UPND","4,596","Isoka","Francis Siame",4596,0.240779547359598,2,0,NA,NA,"Muchinga","Isoka"
"151","KAPILA","Gift",NA,"FDD","838","Isoka","Gift Kapila",838,0.0439019279128248,3,0,NA,NA,"Muchinga","Isoka"
"152","SHABULA","Herbert",NA,"UPND","21,018","Itezhitezhi","Herbert Shabula",21018,0.818426073751022,1,1,18291,0.712238619991433,"Central","Itezhitezhi"
"153","MONDE","Greyford",NA,"PF","2,727","Itezhitezhi","Greyford Monde",2727,0.106187453759589,2,0,NA,NA,"Central","Itezhitezhi"
"154","CHIFUWE","Sheik S",NA,"RAINBOW","1,756","Itezhitezhi","Sheik S Chifuwe",1756,0.0683773996339706,3,0,NA,NA,"Central","Itezhitezhi"
"155","SHILUPIZHI","Irene",NA,"FDD","180","Itezhitezhi","Irene Shilupizhi",180,0.0070090728554184,4,0,NA,NA,"Central","Itezhitezhi"
"156","LUFUMA","Ambrose L",NA,"UPND","10,404","Kabompo","Ambrose L Lufuma",10404,0.742718446601942,1,1,8406,0.600085665334095,"North-Western","Kabompo"
"157","MASUMBA","Kelvin N",NA,"FDD","1,998","Kabompo","Kelvin N Masumba",1998,0.142632781267847,2,0,NA,NA,"North-Western","Kabompo"
"158","KALENGA","Daniel",NA,"PF","1,606","Kabompo","Daniel Kalenga",1606,0.114648772130211,3,0,NA,NA,"North-Western","Kabompo"
"159","LUSAMBO","Bowman",NA,"PF","21,901","Kabushi","Bowman Lusambo",21901,0.764459492477922,1,1,15791,0.551188523159622,"Copperbelt","Ndola"
"160","LUFUNDA","Ernest",NA,"UPND","6,110","Kabushi","Ernest Lufunda",6110,0.213270969318301,2,0,NA,NA,"Copperbelt","Ndola"
"161","CHIBUYE","Anthony M",NA,"FDD","442","Kabushi","Anthony M Chibuye",442,0.0154281126740898,3,0,NA,NA,"Copperbelt","Ndola"
"162","KAPUKULO","Dennis",NA,"RAINBOW","196","Kabushi","Dennis Kapukulo",196,0.0068414255296869,4,0,NA,NA,"Copperbelt","Ndola"
"163","LUBINDA","Given",NA,"PF","31,310","Kabwata","Given Lubinda",31310,0.56775527227229,1,1,14454,0.262099479572778,"Lusaka","Lusaka"
"164","SATA","Mulenga JC",NA,"UPND","16,856","Kabwata","Mulenga Jc Sata",16856,0.305655792699512,2,0,NA,NA,"Lusaka","Lusaka"
"165","TEMBO","Clement",NA,"IND","5,899","Kabwata","Clement Tembo",5899,0.106968647433224,3,0,NA,NA,"Lusaka","Lusaka"
"166","ZULU","Michael S",NA,"IND","673","Kabwata","Michael S Zulu",673,0.0122037463506628,4,0,NA,NA,"Lusaka","Lusaka"
"167","MULILO","Simon",NA,"RAINBOW","211","Kabwata","Simon Mulilo",211,0.00382613741454658,5,0,NA,NA,"Lusaka","Lusaka"
"168","NJOVU","Joseph C",NA,"FDD","198","Kabwata","Joseph C Njovu",198,0.00359040382976408,6,0,NA,NA,"Lusaka","Lusaka"
"169","NGULUBE","Tutwa S",NA,"PF","22,386","Kabwe Central","Tutwa S Ngulube",22386,0.646340407102642,1,1,10137,0.292680814205284,"Central","Kabwe"
"170","MWAMBA","Macdonald",NA,"UPND","12,249","Kabwe Central","Macdonald Mwamba",12249,0.353659592897358,2,0,NA,NA,"Central","Kabwe"
"171","CHONYA","Mirriam B",NA,"UPND","18,542","Kafue","Mirriam B Chonya",18542,0.515170037786175,1,1,2491,0.0692098244054234,"Lusaka","Kafue"
"172","SINKALA","Gibson",NA,"PF","16,051","Kafue","Gibson Sinkala",16051,0.445960213380751,2,0,NA,NA,"Lusaka","Kafue"
"173","MUUNGA","Peter M",NA,"RAINBOW","811","Kafue","Peter M Muunga",811,0.0225327850633474,3,0,NA,NA,"Lusaka","Kafue"
"174","MUTENDA","Anastazia",NA,"UNIP","588","Kafue","Anastazia Mutenda",588,0.0163369637697266,4,0,NA,NA,"Lusaka","Kafue"
"175","KABAMBA","Joseph",NA,"PF","3,869","Kafulafuta","Joseph Kabamba",3869,0.385396951887638,1,1,603,0.0600657435999602,"Copperbelt","Masaiti"
"176","CHITAFU","Brian K",NA,"UPND","3,266","Kafulafuta","Brian K Chitafu",3266,0.325331208287678,2,0,NA,NA,"Copperbelt","Masaiti"
"177","MULEBWA","Jeffrey",NA,"IND","1,753","Kafulafuta","Jeffrey Mulebwa",1753,0.174618985954776,3,0,NA,NA,"Copperbelt","Masaiti"
"178","MATOWE","Benson",NA,"FDD","648","Kafulafuta","Benson Matowe",648,0.0645482617790617,4,0,NA,NA,"Copperbelt","Masaiti"
"179","MPOMBO","George W",NA,"IND","503","Kafulafuta","George W Mpombo",503,0.0501045920908457,5,0,NA,NA,"Copperbelt","Masaiti"
"180","MIYUTU","Chinga",NA,"UPND","11,832","Kalabo Central","Chinga Miyutu",11832,0.697970740915526,1,1,8613,0.508081642284096,"Western","Kalabo"
"181","MWAPELA","Sikwibele R",NA,"PF","3,219","Kalabo Central","Sikwibele R Mwapela",3219,0.18988909863143,2,0,NA,NA,"Western","Kalabo"
"182","KALALUKA","Mubukwanu",NA,"FDD","1,298","Kalabo Central","Mubukwanu Kalaluka",1298,0.0765691363850873,3,0,NA,NA,"Western","Kalabo"
"183","MOOTO","Kalowa",NA,"IND","603","Kalabo Central","Kalowa Mooto",603,0.0355710240679566,4,0,NA,NA,"Western","Kalabo"
"184","KAMBONI","Harry KS",NA,"UPND","21,332","Kalomo Central","Harry Ks Kamboni",21332,0.550517432707941,1,1,4931,0.127254896900565,"Southern","Kalomo"
"185","MUWELE","Smart",NA,"IND","16,401","Kalomo Central","Smart Muwele",16401,0.423262535807376,2,0,NA,NA,"Southern","Kalomo"
"186","NENGWA","Douglas H",NA,"PF","1,016","Kalomo Central","Douglas H Nengwa",1016,0.0262200314846835,3,0,NA,NA,"Southern","Kalomo"
"187","CHILUMBA","Kampamba M",NA,"PF","13,506","Kalulushi","Kampamba M Chilumba",13506,0.426972685887709,1,1,4520,0.142893272635306,"Copperbelt","Kalulushi"
"188","MWALILINO","Everisto M",NA,"UPND","8,986","Kalulushi","Everisto M Mwalilino",8986,0.284079413252403,2,0,NA,NA,"Copperbelt","Kalulushi"
"189","BESA","Benard",NA,"IND","7,660","Kalulushi","Benard Besa",7660,0.242159838138594,3,0,NA,NA,"Copperbelt","Kalulushi"
"190","KALETA","Chikabala M",NA,"IND","821","Kalulushi","Chikabala M Kaleta",821,0.0259547293879616,4,0,NA,NA,"Copperbelt","Kalulushi"
"191","SIMPEMBA","Haward",NA,"RAINBOW","416","Kalulushi","Haward Simpemba",416,0.013151239251391,5,0,NA,NA,"Copperbelt","Kalulushi"
"192","KASENGE","Wilson",NA,"UDF","243","Kalulushi","Wilson Kasenge",243,0.00768209408194234,6,0,NA,NA,"Copperbelt","Kalulushi"
"193","MUSONDA","Elalio",NA,"PF","12,882","Kamfinsa","Elalio Musonda",12882,0.579122459989211,1,1,7115,0.319861535695019,"Copperbelt","Kitwe"
"194","MULENGA","Stanley",NA,"UPND","5,767","Kamfinsa","Stanley Mulenga",5767,0.259260924294192,2,0,NA,NA,"Copperbelt","Kitwe"
"195","CHIPILI","Webby",NA,"MMD","1,945","Kamfinsa","Webby Chipili",1945,0.0874393094767128,3,0,NA,NA,"Copperbelt","Kitwe"
"196","NG'ANDWE","Dickson L",NA,"UDF","741","Kamfinsa","Dickson L Ng'andwe",741,0.0333123538931847,4,0,NA,NA,"Copperbelt","Kitwe"
"197","CHABALA","Newton C",NA,"RAINBOW","611","Kamfinsa","Newton C Chabala",611,0.0274680812803453,5,0,NA,NA,"Copperbelt","Kitwe"
"198","LWICHE","Bright",NA,"FDD","298","Kamfinsa","Bright Lwiche",298,0.013396871066355,6,0,NA,NA,"Copperbelt","Kitwe"
"199","MALAMA","Martin",NA,"PF","14,719","Kanchibiya","Martin Malama",14719,0.818586285523608,1,1,12037,0.669428841554975,"Muchinga","Mpika"
"200","CHILEKWA","Josphat",NA,"UPND","2,682","Kanchibiya","Josphat Chilekwa",2682,0.149157443968634,2,0,NA,NA,"Muchinga","Mpika"
"201","BWALYA","Mubanga",NA,"FDD","580","Kanchibiya","Mubanga Bwalya",580,0.0322562705077582,3,0,NA,NA,"Muchinga","Mpika"
"202","MUSHIMBA","Brian",NA,"PF","7,932","Kankoyo","Brian Mushimba",7932,0.597604158818654,1,1,2591,0.195208317637309,"Copperbelt","Mufulira"
"203","MABETA","Heartson",NA,"UPND","5,341","Kankoyo","Heartson Mabeta",5341,0.402395841181346,2,0,NA,NA,"Copperbelt","Mufulira"
"204","MUMBA","Anthony C",NA,"IND","12,554","Kantanshi","Anthony C Mumba",12554,0.652426982642137,1,1,7830,0.406922357343311,"Copperbelt","Mufulira"
"205","MUKANGA","Dingle Y",NA,"PF","4,724","Kantanshi","Dingle Y Mukanga",4724,0.245504625298825,2,0,NA,NA,"Copperbelt","Mufulira"
"206","CHIPILIPILI","Catherine",NA,"UPND","1,832","Kantanshi","Catherine Chipilipili",1832,0.0952083982953955,3,0,NA,NA,"Copperbelt","Mufulira"
"207","NDONGO","Jackson M",NA,"IND","132","Kantanshi","Jackson M Ndongo",132,0.00685999376364203,4,0,NA,NA,"Copperbelt","Mufulira"
"208","PHIRI","Elizabeth",NA,"PF","36,674","Kanyama","Elizabeth Phiri",36674,0.51953534494971,1,1,4740,0.0671483212919676,"Lusaka","Lusaka"
"209","MWALE","Samuel",NA,"UPND","31,934","Kanyama","Samuel Mwale",31934,0.452387023657742,2,0,NA,NA,"Lusaka","Lusaka"
"210","NKOLE","Maggie M",NA,"MMD","1,031","Kanyama","Maggie M Nkole",1031,0.0146054681966284,3,0,NA,NA,"Lusaka","Lusaka"
"211","KAFULI","Levy",NA,"FDD","515","Kanyama","Levy Kafuli",515,0.00729565094205978,4,0,NA,NA,"Lusaka","Lusaka"
"212","MWELWA","Charles",NA,"UNIP","259","Kanyama","Charles Mwelwa",259,0.00366907493979317,5,0,NA,NA,"Lusaka","Lusaka"
"213","CHIYABA","Sydney",NA,"IND","177","Kanyama","Sydney Chiyaba",177,0.00250743731406715,6,0,NA,NA,"Lusaka","Lusaka"
"214","SITWALA","Sitwala M",NA,"UPND","8,135","Kaoma Central","Sitwala M Sitwala",8135,0.603397122088711,1,1,5747,0.426272066458982,"Western","Kaoma"
"215","LIATO","Chisangu A",NA,"PF","2,388","Kaoma Central","Chisangu A Liato",2388,0.177125055629729,2,0,NA,NA,"Western","Kaoma"
"216","CHISANI","George C",NA,"IND","2,185","Kaoma Central","George C Chisani",2185,0.162067942441774,3,0,NA,NA,"Western","Kaoma"
"217","LIBINGA","Tauzeni W",NA,"IND","571","Kaoma Central","Tauzeni W Libinga",571,0.0423527666518321,4,0,NA,NA,"Western","Kaoma"
"218","WAMPATA","Joel",NA,"FDD","203","Kaoma Central","Joel Wampata",203,0.0150571131879543,5,0,NA,NA,"Western","Kaoma"
"219","KAKUBO","Stanley K",NA,"UPND","22,388","Kapiri Mposhi","Stanley K Kakubo",22388,0.49114801570761,1,1,1590,0.034881425092688,"Central","Kapiri Mposhi"
"220","SIINGWA","Chrispin",NA,"PF","20,798","Kapiri Mposhi","Chrispin Siingwa",20798,0.456266590614922,2,0,NA,NA,"Central","Kapiri Mposhi"
"221","MAMBWE","Dorothy M",NA,"MMD","1,772","Kapiri Mposhi","Dorothy M Mambwe",1772,0.0388741416756247,3,0,NA,NA,"Central","Kapiri Mposhi"
"222","DUBE","Tembo P",NA,"FDD","457","Kapiri Mposhi","Tembo P Dube",457,0.0100256674637475,4,0,NA,NA,"Central","Kapiri Mposhi"
"223","MANYANINA","Fredrick",NA,"UPP","168","Kapiri Mposhi","Fredrick Manyanina",168,0.00368558453809534,5,0,NA,NA,"Central","Kapiri Mposhi"
"224","BANDA","Charles R",NA,"PF","12,254","Kapoche","Charles R Banda",12254,0.647674418604651,1,1,7939,0.4196088794926,"Eastern","Sinda"
"225","MWALE","Yvonne D",NA,"IND","4,315","Kapoche","Yvonne D Mwale",4315,0.228065539112051,2,0,NA,NA,"Eastern","Sinda"
"226","BANDA","Davison",NA,"UPND","1,428","Kapoche","Davison Banda",1428,0.0754756871035941,3,0,NA,NA,"Eastern","Sinda"
"227","MWANZA","Jacob",NA,"MMD","505","Kapoche","Jacob Mwanza",505,0.0266913319238901,4,0,NA,NA,"Eastern","Sinda"
"228","LUNGU","Nixon",NA,"FDD","418","Kapoche","Nixon Lungu",418,0.022093023255814,5,0,NA,NA,"Eastern","Sinda"
"229","NG'ONGA","Maxas B.J",NA,"PF","11,120","Kaputa","Maxas B.j Ng'onga",11120,0.557673019057171,1,1,2637,0.132246740220662,"Northern","Kaputa"
"230","NKANDU","Elvis C",NA,"UPND","8,483","Kaputa","Elvis C Nkandu",8483,0.42542627883651,2,0,NA,NA,"Northern","Kaputa"
"231","TANGA","Gershom K",NA,"FDD","337","Kaputa","Gershom K Tanga",337,0.016900702106319,3,0,NA,NA,"Northern","Kaputa"
"232","SAMPA","Kelvin M",NA,"PF","25,427","Kasama Central","Kelvin M Sampa",25427,0.719374186612347,1,1,16068,0.454591750127313,"Northern","Kasama"
"233","MWAMBA","Sibongile",NA,"UPND","9,359","Kasama Central","Sibongile Mwamba",9359,0.264782436485034,2,0,NA,NA,"Northern","Kasama"
"234","MULENGA","Webster",NA,"FDD","397","Kasama Central","Webster Mulenga",397,0.0112318225541787,3,0,NA,NA,"Northern","Kasama"
"235","CHILESHE","Pascal C",NA,"RAINBOW","163","Kasama Central","Pascal C Chileshe",163,0.00461155434844113,4,0,NA,NA,"Northern","Kasama"
"236","TAMBATAMBA","Brenda M",NA,"UPND","15,025","Kasempa","Brenda M Tambatamba",15025,0.723712730600645,1,1,11310,0.544771446462117,"North-Western","Kasempa"
"237","MASUMBA","Peter",NA,"IND","3,715","Kasempa","Peter Masumba",3715,0.178941284138529,2,0,NA,NA,"North-Western","Kasempa"
"238","KASOSA","Dominic",NA,"PF","1,678","Kasempa","Dominic Kasosa",1678,0.0808246230913733,3,0,NA,NA,"North-Western","Kasempa"
"239","KAFUMUKACHE","Tobias",NA,"MMD","268","Kasempa","Tobias Kafumukache",268,0.0129088194210298,4,0,NA,NA,"North-Western","Kasempa"
"240","SHITIMA","Haggai K",NA,"FDD","75","Kasempa","Haggai K Shitima",75,0.00361254274842252,5,0,NA,NA,"North-Western","Kasempa"
"241","KALIMA","Victoria",NA,"PF","12,494","Kasenengwa","Victoria Kalima",12494,0.523813516686232,1,1,9259,0.388185477108838,"Eastern","Chipata"
"242","ZULU","Gideon",NA,"MMD","3,235","Kasenengwa","Gideon Zulu",3235,0.135628039577394,2,0,NA,NA,"Eastern","Chipata"
"243","BANDA","Charles",NA,"IND","2,468","Kasenengwa","Charles Banda",2468,0.103471407009894,3,0,NA,NA,"Eastern","Chipata"
"244","BANDA","Sensio",NA,"RAINBOW","2,157","Kasenengwa","Sensio Banda",2157,0.0904326681200738,4,0,NA,NA,"Eastern","Chipata"
"245","BANDA","Faustin AS",NA,"UPND","1,371","Kasenengwa","Faustin As Banda",1371,0.0574794566493376,5,0,NA,NA,"Eastern","Chipata"
"246","MWALIMU","Gary C",NA,"IND","1,185","Kasenengwa","Gary C Mwalimu",1185,0.0496813684387053,6,0,NA,NA,"Eastern","Chipata"
"247","KAYUNI","Kondwani R",NA,"UNIP","514","Kasenengwa","Kondwani R Kayuni",514,0.0215495555928224,7,0,NA,NA,"Eastern","Chipata"
"248","JERE","Leo K",NA,"FDD","428","Kasenengwa","Leo K Jere",428,0.0179439879255408,8,0,NA,NA,"Eastern","Chipata"
"249","LIVUNE","Derick",NA,"UPND","33,172","Katombola","Derick Livune",33172,0.886004273504273,1,1,30462,0.813621794871795,"Southern","Kazungula"
"250","SIANKOMBWE","Elias",NA,"PF","2,710","Katombola","Elias Siankombwe",2710,0.0723824786324786,2,0,NA,NA,"Southern","Kazungula"
"251","SIETA","Alfred M",NA,"ADD","1,558","Katombola","Alfred M Sieta",1558,0.0416132478632479,3,0,NA,NA,"Southern","Kazungula"
"252","MWASHINGWELE","Patricia C",NA,"UPND","13,076","Katuba","Patricia C Mwashingwele",13076,0.535243553008596,1,1,6851,0.28043389275481,"Central","Chibombo"
"253","SHAKAFUSWA","Jonas",NA,"PF","6,225","Katuba","Jonas Shakafuswa",6225,0.254809660253786,2,0,NA,NA,"Central","Chibombo"
"254","KAPALASA","Aubrey B",NA,"IND","3,138","Katuba","Aubrey B Kapalasa",3138,0.128448628735162,3,0,NA,NA,"Central","Chibombo"
"255","CHIBUNGA","Leonard E",NA,"MMD","824","Katuba","Leonard E Chibunga",824,0.0337290216946377,4,0,NA,NA,"Central","Chibombo"
"256","CHAKAINA","Derrick",NA,"FDD","707","Katuba","Derrick Chakaina",707,0.0289398280802292,5,0,NA,NA,"Central","Chibombo"
"257","HANGOMBA","Lynda M",NA,"RAINBOW","460","Katuba","Lynda M Hangomba",460,0.018829308227589,6,0,NA,NA,"Central","Chibombo"
"258","TEMBO","Listed N",NA,"PF","7,566","Kaumbwe","Listed N Tembo",7566,0.721395881006865,1,1,6056,0.577421815408085,"Eastern","Petauke"
"259","BANDA","Nicholas K",NA,"MMD","1,510","Kaumbwe","Nicholas K Banda",1510,0.14397406559878,2,0,NA,NA,"Eastern","Petauke"
"260","NGOMA","Felix Z",NA,"UPND","1,412","Kaumbwe","Felix Z Ngoma",1412,0.134630053394355,3,0,NA,NA,"Eastern","Petauke"
"261","CHILANGWA","Nickson",NA,"PF","7,090","Kawambwa","Nickson Chilangwa",7090,0.490250311160282,1,1,2358,0.163047987830176,"Luapula","Kawambwa"
"262","SINDAZI","Andrew",NA,"IND","4,732","Kawambwa","Andrew Sindazi",4732,0.327202323330106,2,0,NA,NA,"Luapula","Kawambwa"
"263","CHITIKA","Elizabeth K",NA,"MMD","1,830","Kawambwa","Elizabeth K Chitika",1830,0.126538514728253,3,0,NA,NA,"Luapula","Kawambwa"
"264","KAWANDAMI","Angela C",NA,"UPND","674","Kawambwa","Angela C Kawandami",674,0.0466048955884387,4,0,NA,NA,"Luapula","Kawambwa"
"265","MANCHENE","Alice K",NA,"FDD","136","Kawambwa","Alice K Manchene",136,0.00940395519291938,5,0,NA,NA,"Luapula","Kawambwa"
"266","KASUNE","Princess",NA,"UPND","20,608","Keembe","Princess Kasune",20608,0.652275748559853,1,1,15150,0.479521428119263,"Central","Chibombo"
"267","MWEWA","Anna M",NA,"IND","5,458","Keembe","Anna M Mwewa",5458,0.17275432044059,2,0,NA,NA,"Central","Chibombo"
"268","CHIMINSA","Emmanuel",NA,"PF","5,267","Keembe","Emmanuel Chiminsa",5267,0.166708868772552,3,0,NA,NA,"Central","Chibombo"
"269","MWEEMBA","Migeort K",NA,"FDD","261","Keembe","Migeort K Mweemba",261,0.00826106222700513,4,0,NA,NA,"Central","Chibombo"
"270","MALANJI","Joseph",NA,"PF","25,051","Kwacha","Joseph Malanji",25051,0.688063063063063,1,1,16127,0.442952098439903,"Copperbelt","Kitwe"
"271","MUSHONGO","Faith",NA,"UPND","8,924","Kwacha","Faith Mushongo",8924,0.24511096462316,2,0,NA,NA,"Copperbelt","Kitwe"
"272","PHIRI","Jerome M",NA,"IND","1,401","Kwacha","Jerome M Phiri",1401,0.0384805537244562,3,0,NA,NA,"Copperbelt","Kitwe"
"273","PHIRI","Niza",NA,"FDD","751","Kwacha","Niza Phiri",751,0.0206273346517249,4,0,NA,NA,"Copperbelt","Kitwe"
"274","SAULO","Kelvin",NA,"RAINBOW","281","Kwacha","Kelvin Saulo",281,0.00771808393759613,5,0,NA,NA,"Copperbelt","Kitwe"
"275","MUSOKOTWANE","Situmbeko",NA,"UPND","8,223","Liuwa","Situmbeko Musokotwane",8223,0.76685629021729,1,1,5876,0.547980975473282,"Western","Kalabo"
"276","MWENDA","Mwangala L",NA,"PF","2,347","Liuwa","Mwangala L Mwenda",2347,0.218875314744008,2,0,NA,NA,"Western","Kalabo"
"277","IMASIKU","Lubinda H",NA,"FDD","153","Liuwa","Lubinda H Imasiku",153,0.0142683950387019,3,0,NA,NA,"Western","Kalabo"
"278","JERE","Mathews",NA,"UPND","27,737","Livingstone","Mathews Jere",27737,0.569817367545247,1,1,17747,0.364586971259527,"Southern","Livingstone"
"279","MUNSANJE","Omar B",NA,"PF","9,990","Livingstone","Omar B Munsanje",9990,0.20523039628572,2,0,NA,NA,"Southern","Livingstone"
"280","SIMWIMBA","Edwin A",NA,"IND","8,204","Livingstone","Edwin A Simwimba",8204,0.168539556669474,3,0,NA,NA,"Southern","Livingstone"
"281","NAMUCHANA","Charles",NA,"IND","1,256","Livingstone","Charles Namuchana",1256,0.0258027405140005,4,0,NA,NA,"Southern","Livingstone"
"282","KASHINKA","Michael B",NA,"MMD","391","Livingstone","Michael B Kashinka",391,0.00803254103580747,5,0,NA,NA,"Southern","Livingstone"
"283","SAKAIMBO","Joseph",NA,"RAINBOW","301","Livingstone","Joseph Sakaimbo",301,0.00618361854674692,6,0,NA,NA,"Southern","Livingstone"
"284","MUNKOMBWE","Ian",NA,"UNIP","289","Livingstone","Ian Munkombwe",289,0.00593709554820552,7,0,NA,NA,"Southern","Livingstone"
"285","MWINDA","Joram L",NA,"IND","182","Livingstone","Joram L Mwinda",182,0.00373893214454465,8,0,NA,NA,"Southern","Livingstone"
"286","BEEBE","Precious",NA,"UPP","165","Livingstone","Precious Beebe",165,0.00338969122994433,9,0,NA,NA,"Southern","Livingstone"
"287","HAMUSONDE","Allestair",NA,"FDD","162","Livingstone","Allestair Hamusonde",162,0.00332806048030898,10,0,NA,NA,"Southern","Livingstone"
"288","CHIKOTE","Makozo",NA,"UPND","9,524","Luampa","Makozo Chikote",9524,0.745810493343774,1,1,6603,0.517071260767424,"Western","Luampa"
"289","LIMATA","Josephine M",NA,"PF","2,921","Luampa","Josephine M Limata",2921,0.228739232576351,2,0,NA,NA,"Western","Luampa"
"290","KALIMBWE","Kunga E",NA,"FDD","325","Luampa","Kunga E Kalimbwe",325,0.0254502740798747,3,0,NA,NA,"Western","Luampa"
"291","ZULU","Charles M",NA,"PF","12,883","Luangeni","Charles M Zulu",12883,0.645667318197765,1,1,8717,0.436876660151356,"Eastern","Chipata"
"292","MOYO","Moses F",NA,"UPND","4,166","Luangeni","Moses F Moyo",4166,0.208790658046409,2,0,NA,NA,"Eastern","Chipata"
"293","CIFIRE","Angela N",NA,"MMD","2,315","Luangeni","Angela N Cifire",2315,0.116022653235102,3,0,NA,NA,"Eastern","Chipata"
"294","MITI","Yosi",NA,"IND","589","Luangeni","Yosi Miti",589,0.0295193705207237,4,0,NA,NA,"Eastern","Chipata"
"295","CHUNGU","Stephen",NA,"PF","17,285","Luanshya","Stephen Chungu",17285,0.662235163403701,1,1,9392,0.359832956591702,"Copperbelt","Luanshya"
"296","MULENGA","Helen",NA,"UPND","7,893","Luanshya","Helen Mulenga",7893,0.302402206812,2,0,NA,NA,"Copperbelt","Luanshya"
"297","MINYOI","Munalula",NA,"RAINBOW","923","Luanshya","Munalula Minyoi",923,0.0353626297842995,3,0,NA,NA,"Copperbelt","Luanshya"
"298","KABANSHI","Emerine",NA,"PF","3,564","Luapula","Emerine Kabanshi",3564,0.396572827417381,1,1,828,0.0921330811171692,"Luapula","Lunga"
"299","CHISALA","Daniel L",NA,"UPND","2,736","Luapula","Daniel L Chisala",2736,0.304439746300211,2,0,NA,NA,"Luapula","Lunga"
"300","MWANSA","Phillip K.",NA,"IND","2,194","Luapula","Phillip K. Mwansa",2194,0.244130410593079,3,0,NA,NA,"Luapula","Lunga"
"301","MACHUNGWA","Peter D",NA,"IND","305","Luapula","Peter D Machungwa",305,0.0339379103148993,4,0,NA,NA,"Luapula","Lunga"
"302","MWANSA","Lucas",NA,"FDD","188","Luapula","Lucas Mwansa",188,0.0209191053744297,5,0,NA,NA,"Luapula","Lunga"
"303","MWAMBA","George K",NA,"PF","10,473","Lubansenshi","George K Mwamba",10473,0.638208409506399,1,1,5786,0.352589884216941,"Northern","Luwingu"
"304","MUCHELEKA","Patrick M",NA,"UPND","4,687","Lubansenshi","Patrick M Mucheleka",4687,0.285618525289458,2,0,NA,NA,"Northern","Luwingu"
"305","CHIPALO","Florence M",NA,"MMD","1,250","Lubansenshi","Florence M Chipalo",1250,0.0761730652041438,3,0,NA,NA,"Northern","Luwingu"
"306","KUNDOTI","David M",NA,"UPND","7,898","Luena","David M Kundoti",7898,0.521113750329902,1,1,3029,0.199854842966482,"Western","Limulunga"
"307","ANAKOKA","Mubita B",NA,"ADD","4,869","Luena","Mubita B Anakoka",4869,0.32125890736342,2,0,NA,NA,"Western","Limulunga"
"308","CHANGANO","Kakoma C",NA,"PF","2,181","Luena","Kakoma C Changano",2181,0.143903404592241,3,0,NA,NA,"Western","Limulunga"
"309","SAKUBITA","Likando",NA,"IND","208","Luena","Likando Sakubita",208,0.0137239377144365,4,0,NA,NA,"Western","Limulunga"
"310","CHIYALIKA","Gift",NA,"PF","1,757","Lufubu","Gift Chiyalika",1757,0.551648351648352,1,1,329,0.103296703296703,"Central","Ngabwe"
"311","NAMULAMBE","Gabriel",NA,"IND","1,428","Lufubu","Gabriel Namulambe",1428,0.448351648351648,2,0,NA,NA,"Central","Ngabwe"
"312","FUNGULWE","Leonard K",NA,"UPND","8,154","Lufwanyama","Leonard K Fungulwe",8154,0.565778517901748,1,1,3882,0.269358867610325,"Copperbelt","Lufwanyama"
"313","KALELEKA","Athanase",NA,"PF","4,272","Lufwanyama","Athanase Kaleleka",4272,0.296419650291424,2,0,NA,NA,"Copperbelt","Lufwanyama"
"314","MUNSHYA","Annie",NA,"MMD","1,368","Lufwanyama","Annie Munshya",1368,0.0949208992506245,3,0,NA,NA,"Copperbelt","Lufwanyama"
"315","CHIMENA","Rodgers",NA,"RAINBOW","618","Lufwanyama","Rodgers Chimena",618,0.0428809325562032,4,0,NA,NA,"Copperbelt","Lufwanyama"
"316","MUNKONGE","Mwenya C",NA,"IND","11,870","Lukashya","Mwenya C Munkonge",11870,0.45650334589647,1,1,3934,0.151296054149681,"Northern","Kasama"
"317","KANSEMBE","Alfredah C",NA,"PF","7,936","Lukashya","Alfredah C Kansembe",7936,0.305207291746789,2,0,NA,NA,"Northern","Kasama"
"318","CHEWE","Rodrick C",NA,"UPND","4,180","Lukashya","Rodrick C Chewe",4180,0.160756864856549,3,0,NA,NA,"Northern","Kasama"
"319","BWEUPE","Geoffrey",NA,"UDF","1,123","Lukashya","Geoffrey Bweupe",1123,0.0431889854626567,4,0,NA,NA,"Northern","Kasama"
"320","KALIMINWA","Gabriel M",NA,"FDD","675","Lukashya","Gabriel M Kaliminwa",675,0.0259595415737251,5,0,NA,NA,"Northern","Kasama"
"321","MUTALE","Ephraim",NA,"RAINBOW","218","Lukashya","Ephraim Mutale",218,0.00838397046381048,6,0,NA,NA,"Northern","Kasama"
"322","KALILA","Christopher K",NA,"UPND","12,822","Lukulu East","Christopher K Kalila",12822,0.668857589984351,1,1,9553,0.498330725091288,"Western","Lukulu"
"323","KANDALA","Edwin M",NA,"PF","3,269","Lukulu East","Edwin M Kandala",3269,0.170526864893062,2,0,NA,NA,"Western","Lukulu"
"324","MAYONDI","Fabian M",NA,"RAINBOW","2,772","Lukulu East","Fabian M Mayondi",2772,0.144600938967136,3,0,NA,NA,"Western","Lukulu"
"325","KALWENA","Kambala",NA,"FDD","307","Lukulu East","Kambala Kalwena",307,0.0160146061554512,4,0,NA,NA,"Western","Lukulu"
"326","JERE","Pilila G.M.",NA,"IND","8,329","Lumezi","Pilila G.m. Jere",8329,0.42375985754261,1,1,3191,0.162350546934622,"Eastern","Lundazi"
"327","BANDA","Isaac",NA,"PF","5,138","Lumezi","Isaac Banda",5138,0.261409310607988,2,0,NA,NA,"Eastern","Lundazi"
"328","BANDA","Goodson",NA,"RAINBOW","2,206","Lumezi","Goodson Banda",2206,0.112236072246248,3,0,NA,NA,"Eastern","Lundazi"
"329","PHIRI","Alex L.S.",NA,"UPND","2,086","Lumezi","Alex L.s. Phiri",2086,0.106130755532943,4,0,NA,NA,"Eastern","Lundazi"
"330","MKANDAWIRE","Alice",NA,"MMD","1,722","Lumezi","Alice Mkandawire",1722,0.0876112948359196,5,0,NA,NA,"Eastern","Lundazi"
"331","NGWENYA","Humphrey",NA,"FDD","174","Lumezi","Humphrey Ngwenya",174,0.00885270923429153,6,0,NA,NA,"Eastern","Lundazi"
"332","NYIRENDA","Lawrence",NA,"IND","12,688","Lundazi","Lawrence Nyirenda",12688,0.451819670963607,1,1,6479,0.230717185385656,"Eastern","Lundazi"
"333","NKUNIKA","Bizwayo N",NA,"IND","6,209","Lundazi","Bizwayo N Nkunika",6209,0.22110248557795,2,0,NA,NA,"Eastern","Lundazi"
"334","NG`OMA","Evans",NA,"IND","5,831","Lundazi","Evans Ng`Oma",5831,0.207641905847162,3,0,NA,NA,"Eastern","Lundazi"
"335","BANDA","Frackson",NA,"UPND","3,354","Lundazi","Frackson Banda",3354,0.119435937611281,4,0,NA,NA,"Eastern","Lundazi"
"336","KAFWAYA","Mutotwe L",NA,"PF","10,846","Lunte","Mutotwe L Kafwaya",10846,0.788742636899135,1,1,7941,0.577485273798269,"Northern","Mporokoso"
"337","CHILANDO","Joseph M",NA,"UPND","2,905","Lunte","Joseph M Chilando",2905,0.211257363100865,2,0,NA,NA,"Northern","Mporokoso"
"338","BWALYA","Chungu L",NA,"PF","14,396","Lupososhi","Chungu L Bwalya",14396,0.746603049476195,1,1,11475,0.595114614666528,"Northern","Luwingu"
"339","MULONGA","Albert",NA,"MMD","2,921","Lupososhi","Albert Mulonga",2921,0.151488434809667,2,0,NA,NA,"Northern","Luwingu"
"340","WAPABETI","John M",NA,"UPND","1,965","Lupososhi","John M Wapabeti",1965,0.101908515714138,3,0,NA,NA,"Northern","Luwingu"
"341","MWANAKATWE","Margaret D",NA,"PF","29,732","Lusaka Central","Margaret D Mwanakatwe",29732,0.608227809258843,1,1,11778,0.240942659002107,"Lusaka","Lusaka"
"342","SCOTT","Charlotte S H",NA,"UPND","17,954","Lusaka Central","Charlotte S H Scott",17954,0.367285150256735,2,0,NA,NA,"Lusaka","Lusaka"
"343","MWENDA","Kasonde C",NA,"IND","735","Lusaka Central","Kasonde C Mwenda",735,0.0150359020518381,3,0,NA,NA,"Lusaka","Lusaka"
"344","MUMBA","Dorothy P",NA,"FDD","343","Lusaka Central","Dorothy P Mumba",343,0.00701675429085776,4,0,NA,NA,"Lusaka","Lusaka"
"345","CHILAMBWE","Kelvin M",NA,"RAINBOW","119","Lusaka Central","Kelvin M Chilambwe",119,0.00243438414172616,5,0,NA,NA,"Lusaka","Lusaka"
"346","SIWALE","Jacob",NA,"PF","14,332","Mafinga","Jacob Siwale",14332,0.691732226458806,1,1,8975,0.433177276895603,"Muchinga","Mafinga"
"347","SICHINGA","John",NA,"UPND","5,357","Mafinga","John Sichinga",5357,0.258554949563203,2,0,NA,NA,"Muchinga","Mafinga"
"348","SICHILINDI","Boyson",NA,"RAINBOW","761","Mafinga","Boyson Sichilindi",761,0.0367295718905353,3,0,NA,NA,"Muchinga","Mafinga"
"349","SIMBEYE","Isaac",NA,"IND","269","Mafinga","Isaac Simbeye",269,0.012983252087456,4,0,NA,NA,"Muchinga","Mafinga"
"350","MACHILA","Emmerson",NA,"UPND","21,009","Magoye","Emmerson Machila",21009,0.92571050892267,1,1,19323,0.85142101784534,"Southern","Mazabuka"
"351","NG'ANDU","Joshua H",NA,"PF","1,686","Magoye","Joshua H Ng'andu",1686,0.0742894910773298,2,0,NA,NA,"Southern","Mazabuka"
"352","ZULU","Makebi",NA,"PF","10,945","Malambo","Makebi Zulu",10945,0.489468270649792,1,1,2530,0.113143419346183,"Eastern","Mambwe"
"353","PHIRI","Peter S",NA,"UPND","8,415","Malambo","Peter S Phiri",8415,0.376324851303609,2,0,NA,NA,"Eastern","Mambwe"
"354","MTITI","Henry F",NA,"IND","1,395","Malambo","Henry F Mtiti",1395,0.0623854031572828,3,0,NA,NA,"Eastern","Mambwe"
"355","MUMBA","Francisco",NA,"RAINBOW","901","Malambo","Francisco Mumba",901,0.0402933679173561,4,0,NA,NA,"Eastern","Mambwe"
"356","MWAYOPA","Florence L",NA,"FDD","432","Malambo","Florence L Mwayopa",432,0.0193193506551585,5,0,NA,NA,"Eastern","Mambwe"
"357","MPHANDE","Phillip",NA,"UNIP","273","Malambo","Phillip Mphande",273,0.0122087563168016,6,0,NA,NA,"Eastern","Mambwe"
"358","YALUMA","Christopher B",NA,"PF","24,879","Malole","Christopher B Yaluma",24879,0.705127115041238,1,1,19560,0.554374628007823,"Northern","Mungwi"
"359","MUNAILE","Emmanuel M",NA,"FDD","5,319","Malole","Emmanuel M Munaile",5319,0.150752487033416,2,0,NA,NA,"Northern","Mungwi"
"360","CHIKONKOLO","Chilufya",NA,"UPND","5,085","Malole","Chilufya Chikonkolo",5085,0.144120397925346,3,0,NA,NA,"Northern","Mungwi"
"361","WANCHINGA","Dennis M",NA,"PF","3,850","Mambilima","Dennis M Wanchinga",3850,0.369517228140896,1,1,1837,0.176312505998656,"Luapula","Mwense"
"362","CHILUFYA","Chileshe M",NA,"IND","2,013","Mambilima","Chileshe M Chilufya",2013,0.19320472214224,2,0,NA,NA,"Luapula","Mwense"
"363","MUMBA","Mighty",NA,"IND","1,465","Mambilima","Mighty Mumba",1465,0.140608503695172,3,0,NA,NA,"Luapula","Mwense"
"364","CHINYANTA","John M",NA,"UPND","1,452","Mambilima","John M Chinyanta",1452,0.139360783184567,4,0,NA,NA,"Luapula","Mwense"
"365","MBITA","Henry K",NA,"IND","798","Mambilima","Henry K Mbita",798,0.0765908436510222,5,0,NA,NA,"Luapula","Mwense"
"366","MBULO","Paul K",NA,"IND","432","Mambilima","Paul K Mbulo",432,0.0414627123524331,6,0,NA,NA,"Luapula","Mwense"
"367","MWAPE","Joyce C",NA,"FDD","409","Mambilima","Joyce C Mwape",409,0.0392552068336693,7,0,NA,NA,"Luapula","Mwense"
"368","KAPATA","Jean",NA,"PF","48,171","Mandevu","Jean Kapata",48171,0.61416750602425,1,1,29148,0.37162928869226,"Lusaka","Lusaka"
"369","DONS","Jimmy",NA,"UPND","19,023","Mandevu","Jimmy Dons",19023,0.24253821733199,2,0,NA,NA,"Lusaka","Lusaka"
"370","PHIRI","Mary",NA,"MMD","6,306","Mandevu","Mary Phiri",6306,0.0803998317034922,3,0,NA,NA,"Lusaka","Lusaka"
"371","HAMAHWA","Sonile",NA,"FDD","2,141","Mandevu","Sonile Hamahwa",2141,0.0272971835834406,4,0,NA,NA,"Lusaka","Lusaka"
"372","KASIKILI","Ross J",NA,"NAREP","1,681","Mandevu","Ross J Kasikili",1681,0.0214323052796654,5,0,NA,NA,"Lusaka","Lusaka"
"373","MUSWEMA","Wezzy",NA,"RAINBOW","430","Mandevu","Wezzy Muswema",430,0.00548238624048551,6,0,NA,NA,"Lusaka","Lusaka"
"374","MZYECHE","Engiwe S",NA,"UNIP","364","Mandevu","Engiwe S Mzyeche",364,0.0046409037012482,7,0,NA,NA,"Lusaka","Lusaka"
"375","PIERS","Adrian L",NA,"UDF","317","Mandevu","Adrian L Piers",317,0.00404166613542769,8,0,NA,NA,"Lusaka","Lusaka"
"376","MWENE","Naluwa",NA,"UPND","7,922","Mangango","Naluwa Mwene",7922,0.633607934095817,1,1,4400,0.351915540270335,"Western","Kaoma"
"377","TAUNDI","Chiseke R",NA,"PF","3,522","Mangango","Chiseke R Taundi",3522,0.281692393825482,2,0,NA,NA,"Western","Kaoma"
"378","NYIRENDA","Enelesi",NA,"FDD","700","Mangango","Enelesi Nyirenda",700,0.055986563224826,3,0,NA,NA,"Western","Kaoma"
"379","MOYO","Philip",NA,"RAINBOW","359","Mangango","Philip Moyo",359,0.0287131088538751,4,0,NA,NA,"Western","Kaoma"
"380","CHITALU","Chilufya",NA,"PF","25,087","Mansa Central","Chilufya Chitalu",25087,0.868994423083584,1,1,22076,0.764695694343413,"Luapula","Mansa"
"381","MUSOSHA","Chrispine M",NA,"UPND","3,011","Mansa Central","Chrispine M Musosha",3011,0.104298728740171,2,0,NA,NA,"Luapula","Mansa"
"382","KUNDA","Felix C",NA,"IND","457","Mansa Central","Felix C Kunda",457,0.0158301292043368,3,0,NA,NA,"Luapula","Mansa"
"383","KAUNDA","Kelvin M",NA,"FDD","314","Mansa Central","Kelvin M Kaunda",314,0.0108767189719076,4,0,NA,NA,"Luapula","Mansa"
"384","LIHEFU","Robert",NA,"UPND","12,131","Manyinga","Robert Lihefu",12131,0.792150972965914,1,1,9009,0.588285229202037,"North-Western","Manyinga"
"385","CHINGIMBU","Danny",NA,"PF","3,122","Manyinga","Danny Chingimbu",3122,0.203865743763876,2,0,NA,NA,"North-Western","Manyinga"
"386","SAMAKAYI","Falliot K",NA,"FDD","61","Manyinga","Falliot K Samakayi",61,0.00398328327021027,3,0,NA,NA,"North-Western","Manyinga"
"387","MIYANDA","Clive D",NA,"UPND","24,997","Mapatizya","Clive D Miyanda",24997,0.957079408836818,1,1,24189,0.926142889960947,"Southern","Zimba"
"388","MUNASHABANTU","Brenda",NA,"PF","808","Mapatizya","Brenda Munashabantu",808,0.030936518875871,2,0,NA,NA,"Southern","Zimba"
"389","SIANDUWE","George C S",NA,"FDD","313","Mapatizya","George C S Sianduwe",313,0.0119840722873114,3,0,NA,NA,"Southern","Zimba"
"390","KATAMBO","Michael ZJ",NA,"PF","7,580","Masaiti","Michael Zj Katambo",7580,0.532303370786517,1,1,920,0.0646067415730338,"Copperbelt","Masaiti"
"391","MUKABILA","Shevy M",NA,"UPND","6,660","Masaiti","Shevy M Mukabila",6660,0.467696629213483,2,0,NA,NA,"Copperbelt","Masaiti"
"392","KAZIYA","Lloyd M",NA,"PF","54,164","Matero","Lloyd M Kaziya",54164,0.723150867823765,1,1,34983,0.467062750333778,"Lusaka","Lusaka"
"393","MICHELO","Tom NH",NA,"UPND","19,181","Matero","Tom Nh Michelo",19181,0.256088117489987,2,0,NA,NA,"Lusaka","Lusaka"
"394","LWABILA","Phillimon M",NA,"UNIP","803","Matero","Phillimon M Lwabila",803,0.0107209612817089,3,0,NA,NA,"Lusaka","Lusaka"
"395","SIKANYIKA","Sydney C",NA,"FDD","752","Matero","Sydney C Sikanyika",752,0.0100400534045394,4,0,NA,NA,"Lusaka","Lusaka"
"396","NKOMBO","Gary G",NA,"UPND","29,762","Mazabuka Central","Gary G Nkombo",29762,0.78858535809862,1,1,23116,0.612490395061074,"Southern","Mazabuka"
"397","MWIINGA","Maxwell HH",NA,"PF","6,646","Mazabuka Central","Maxwell Hh Mwiinga",6646,0.176094963037545,2,0,NA,NA,"Southern","Mazabuka"
"398","CHIPAMBALA","Charles B",NA,"MMD","1,137","Mazabuka Central","Charles B Chipambala",1137,0.0301263877480724,3,0,NA,NA,"Southern","Mazabuka"
"399","NZOBOKELA","Penduka S",NA,"FDD","196","Mazabuka Central","Penduka S Nzobokela",196,0.0051932911157627,4,0,NA,NA,"Southern","Mazabuka"
"400","BELEMU","Ephraim K",NA,"UPND","26,800","Mbabala","Ephraim K Belemu",26800,0.962920379419373,1,1,25768,0.925840758838747,"Southern","Choma"
"401","NJAMBA","Fredrick N",NA,"PF","1,032","Mbabala","Fredrick N Njamba",1032,0.0370796205806266,2,0,NA,NA,"Southern","Choma"
"402","SIMFUKWE","Mwalimu",NA,"PF","13,810","Mbala","Mwalimu Simfukwe",13810,0.603030435352168,1,1,7513,0.328064276669141,"Northern","Mbala"
"403","SIAME","Chilengwe G",NA,"IND","6,297","Mbala","Chilengwe G Siame",6297,0.274966158683027,2,0,NA,NA,"Northern","Mbala"
"404","SINYANGWE","George J",NA,"UPND","2,500","Mbala","George J Sinyangwe",2500,0.109165538622768,3,0,NA,NA,"Northern","Mbala"
"405","SIMUYEMBA","Kaluba M",NA,"FDD","294","Mbala","Kaluba M Simuyemba",294,0.0128378673420375,4,0,NA,NA,"Northern","Mbala"
"406","MALAMA","Mwimba H.",NA,"PF","11,419","Mfuwe","Mwimba H. Malama",11419,0.901333964795959,1,1,10369,0.818454495224564,"Muchinga","Mpika"
"407","KUNDA","Terris",NA,"UPND","1,050","Mfuwe","Terris Kunda",1050,0.0828794695713947,2,0,NA,NA,"Muchinga","Mpika"
"408","MUTEMBA","Ruth C",NA,"FDD","200","Mfuwe","Ruth C Mutemba",200,0.0157865656326466,3,0,NA,NA,"Muchinga","Mpika"
"409","BANDA","Whiteson",NA,"PF","9,892","Milanzi","Whiteson Banda",9892,0.637330068938857,1,1,7209,0.464467495651053,"Eastern","Katete"
"410","BANDA","Zebron",NA,"MMD","2,683","Milanzi","Zebron Banda",2683,0.172862573287804,2,0,NA,NA,"Eastern","Katete"
"411","BANDA","Rosemary CN",NA,"UPND","1,854","Milanzi","Rosemary Cn Banda",1854,0.119451066297275,3,0,NA,NA,"Eastern","Katete"
"412","BANDA","Albert",NA,"FDD","1,092","Milanzi","Albert Banda",1092,0.0703562914760647,4,0,NA,NA,"Eastern","Katete"
"413","MBULAKULIMA","Mwansa A",NA,"PF","6,410","Milenge","Mwansa A Mbulakulima",6410,0.699247300098178,1,1,4117,0.449110941420312,"Luapula","Milenge"
"414","NSAMBA","Brave K",NA,"UPND","2,293","Milenge","Brave K Nsamba",2293,0.250136358677866,2,0,NA,NA,"Luapula","Milenge"
"415","SOKONTWE","Mulubwa D",NA,"IND","464","Milenge","Mulubwa D Sokontwe",464,0.0506163412239555,3,0,NA,NA,"Luapula","Milenge"
"416","MUTELO","Misheck",NA,"UPND","6,744","Mitete","Misheck Mutelo",6744,0.720666809147254,1,1,5604,0.598845907245138,"Western","Mitete"
"417","SIANGA","Isimwa M",NA,"RAINBOW","1,140","Mitete","Isimwa M Sianga",1140,0.121820901902116,2,0,NA,NA,"Western","Mitete"
"418","KAZHILA","Peter K",NA,"PF","1,067","Mitete","Peter K Kazhila",1067,0.11402008976277,3,0,NA,NA,"Western","Mitete"
"419","KACHAKA","Victor C",NA,"IND","407","Mitete","Victor C Kachaka",407,0.0434921991878607,4,0,NA,NA,"Western","Mitete"
"420","PHIRI","Peter",NA,"MMD","11,609","Mkaika","Peter Phiri",11609,0.537478586971619,1,1,3350,0.155099773137645,"Eastern","Katete"
"421","BANDA","Ackson",NA,"PF","8,259","Mkaika","Ackson Banda",8259,0.382378813833974,2,0,NA,NA,"Eastern","Katete"
"422","MLEWA","Saidi L",NA,"UPND","1,731","Mkaika","Saidi L Mlewa",1731,0.0801425991944072,3,0,NA,NA,"Eastern","Katete"
"423","MWAPE","Doreen",NA,"PF","8,970","Mkushi North","Doreen Mwape",8970,0.446290860241803,1,1,3005,0.149509925866959,"Central","Mkushi"
"424","LUNGU","Kasonde J",NA,"UPND","5,965","Mkushi North","Kasonde J Lungu",5965,0.296780934374845,2,0,NA,NA,"Central","Mkushi"
"425","CHANGWE","Lucy S",NA,"MMD","3,798","Mkushi North","Lucy S Changwe",3798,0.188964625105727,3,0,NA,NA,"Central","Mkushi"
"426","MPHANDE","Ingrid M",NA,"IND","827","Mkushi North","Ingrid M Mphande",827,0.0411463256878452,4,0,NA,NA,"Central","Mkushi"
"427","SICHONE","Frank",NA,"NAREP","367","Mkushi North","Frank Sichone",367,0.0182596149062142,5,0,NA,NA,"Central","Mkushi"
"428","KAWAYA","Albert C",NA,"FDD","86","Mkushi North","Albert C Kawaya",86,0.00427881984178317,6,0,NA,NA,"Central","Mkushi"
"429","NSHIMBI","Bernard K",NA,"UNIP","86","Mkushi North","Bernard K Nshimbi",86,0.00427881984178317,6,0,NA,NA,"Central","Mkushi"
"430","CHISOPA","Davies",NA,"PF","5,703","Mkushi South","Davies Chisopa",5703,0.504288619683438,1,1,97,0.00857723936687593,"Central","Luano"
"431","CHISANGA","Sydney",NA,"UPND","5,606","Mkushi South","Sydney Chisanga",5606,0.495711380316562,2,0,NA,NA,"Central","Luano"
"432","IMAKANDO","Mwilola",NA,"UPND","25,772","Mongu Central","Mwilola Imakando",25772,0.825549362547248,1,1,21511,0.689057594977257,"Western","Mongu"
"433","MULYATA","Joseph",NA,"PF","4,261","Mongu Central","Joseph Mulyata",4261,0.136491767569992,2,0,NA,NA,"Western","Mongu"
"434","MUFUNGULWA","Mukape",NA,"UNIP","480","Mongu Central","Mukape Mufungulwa",480,0.0153757447626369,3,0,NA,NA,"Western","Mongu"
"435","KAMWENGO","Kamuti",NA,"MMD","410","Mongu Central","Kamuti Kamwengo",410,0.0131334486514191,4,0,NA,NA,"Western","Mongu"
"436","MWALA","Kalaluka I",NA,"RAINBOW","295","Mongu Central","Kalaluka I Mwala",295,0.00944967646870395,5,0,NA,NA,"Western","Mongu"
"437","MWIIMBU","Jacob",NA,"UPND","38,536","Monze Central","Jacob Mwiimbu",38536,0.909554380664653,1,1,36245,0.855480551359517,"Southern","Monze"
"438","HAMBWEZYA","Judith",NA,"PF","2,291","Monze Central","Judith Hambwezya",2291,0.054073829305136,2,0,NA,NA,"Southern","Monze"
"439","MUSUTE","Maambo K",NA,"FDD","1,541","Monze Central","Maambo K Musute",1541,0.0363717900302115,3,0,NA,NA,"Southern","Monze"
"440","CHAATILA","Fred C",NA,"UPND","11,678","Moomba","Fred C Chaatila",11678,0.862608952577929,1,1,10656,0.787117742650318,"Southern","Monze"
"441","MOONO","Patson H",NA,"IND","1,022","Moomba","Patson H Moono",1022,0.0754912099276112,2,0,NA,NA,"Southern","Monze"
"442","MWIINGA","Alice B",NA,"PF","743","Moomba","Alice B Mwiinga",743,0.0548825528143005,3,0,NA,NA,"Southern","Monze"
"443","MAMBO","Fabian M",NA,"FDD","95","Moomba","Fabian M Mambo",95,0.00701728468015955,4,0,NA,NA,"Southern","Monze"
"444","CHALIKOSA","Sylvia B",NA,"PF","15,100","Mpika","Sylvia B Chalikosa",15100,0.752441698226031,1,1,12281,0.611969304365158,"Muchinga","Mpika"
"445","KASOLO","Henry S",NA,"UDF","2,819","Mpika","Henry S Kasolo",2819,0.140472393860873,2,0,NA,NA,"Muchinga","Mpika"
"446","CHISONGO","Matilda",NA,"UPND","1,227","Mpika","Matilda Chisongo",1227,0.0611421168028702,3,0,NA,NA,"Muchinga","Mpika"
"447","MUSWEMA","Sampa",NA,"FDD","871","Mpika","Sampa Muswema",871,0.0434024317321108,4,0,NA,NA,"Muchinga","Mpika"
"448","LUAMBIA","Evans",NA,"RAINBOW","51","Mpika","Evans Luambia",51,0.00254135937811441,5,0,NA,NA,"Muchinga","Mpika"
"449","BULAYA","Rasfold",NA,"UPND","9,791","Mpongwe","Rasfold Bulaya",9791,0.5371406627167,1,1,1513,0.0830041694096993,"Copperbelt","Mpongwe"
"450","KASAMBO","Emmanuel",NA,"PF","8,278","Mpongwe","Emmanuel Kasambo",8278,0.454136493307,2,0,NA,NA,"Copperbelt","Mpongwe"
"451","MUSONDA","Mandih M",NA,"FDD","159","Mpongwe","Mandih M Musonda",159,0.0087228439763002,3,0,NA,NA,"Copperbelt","Mpongwe"
"452","MUNDUBILE","Brian M",NA,"PF","9,902","Mporokoso","Brian M Mundubile",9902,0.848427726844315,1,1,8246,0.706537571759061,"Northern","Mporokoso"
"453","MWILA","Eunice K",NA,"UPND","1,656","Mporokoso","Eunice K Mwila",1656,0.141890155085254,2,0,NA,NA,"Northern","Mporokoso"
"454","SIMFUKWE","Fredrick",NA,"FDD","113","Mporokoso","Fredrick Simfukwe",113,0.00968211807043098,3,0,NA,NA,"Northern","Mporokoso"
"455","SIKAZWE","Freedom C",NA,"PF","12,511","Mpulungu","Freedom C Sikazwe",12511,0.462394204826847,1,1,3442,0.127212920870754,"Northern","Mpulungu"
"456","MBAO","Leonard",NA,"IND","9,069","Mpulungu","Leonard Mbao",9069,0.335181283956093,2,0,NA,NA,"Northern","Mpulungu"
"457","PENDE","Martin K",NA,"UPND","4,996","Mpulungu","Martin K Pende",4996,0.184647226226115,3,0,NA,NA,"Northern","Mpulungu"
"458","KAOMA","Brenda",NA,"FDD","481","Mpulungu","Brenda Kaoma",481,0.017777284990945,4,0,NA,NA,"Northern","Mpulungu"
"459","DAKA","Peter",NA,"PF","8,725","Msanzala","Peter Daka",8725,0.537386055678739,1,1,3963,0.244087213599409,"Eastern","Petauke"
"460","ZULU","Margret",NA,"IND","4,762","Msanzala","Margret Zulu",4762,0.29329884207933,2,0,NA,NA,"Eastern","Petauke"
"461","BANDA","Joseph",NA,"IND","1,458","Msanzala","Joseph Banda",1458,0.08980044345898,3,0,NA,NA,"Eastern","Petauke"
"462","ZULU","Kelvin",NA,"IND","669","Msanzala","Kelvin Zulu",669,0.0412047302291205,4,0,NA,NA,"Eastern","Petauke"
"463","BANDA","Fred",NA,"UPND","622","Msanzala","Fred Banda",622,0.038309928553831,5,0,NA,NA,"Eastern","Petauke"
"464","KUNDA","Howard",NA,"MMD","6,398","Muchinga","Howard Kunda",6398,0.746035447761194,1,1,4407,0.513875932835821,"Central","Serenje"
"465","BANDA","Emmanuel",NA,"UPND","1,991","Muchinga","Emmanuel Banda",1991,0.232159514925373,2,0,NA,NA,"Central","Serenje"
"466","CHISENGA","Stanley",NA,"RAINBOW","187","Muchinga","Stanley Chisenga",187,0.0218050373134328,3,0,NA,NA,"Central","Serenje"
"467","CHIBANDA","Evans I",NA,"PF","12,243","Mufulira","Evans I Chibanda",12243,0.687924931168174,1,1,8401,0.472045850424229,"Copperbelt","Mufulira"
"468","BIYETE","Elijah K",NA,"UPND","3,842","Mufulira","Elijah K Biyete",3842,0.215879080743946,2,0,NA,NA,"Copperbelt","Mufulira"
"469","SILAVWE","Jackson",NA,"GOP","1,461","Mufulira","Jackson Silavwe",1461,0.0820924874978929,3,0,NA,NA,"Copperbelt","Mufulira"
"470","SIWELWA","Gershom",NA,"FDD","251","Mufulira","Gershom Siwelwa",251,0.0141035005899871,4,0,NA,NA,"Copperbelt","Mufulira"
"471","KAMONDO","Eliot",NA,"UPND","8,012","Mufumbwe","Eliot Kamondo",8012,0.41262810938868,1,1,2580,0.132873255394757,"North-Western","Mufumbwe"
"472","MBALAU","Davies",NA,"IND","5,432","Mufumbwe","Davies Mbalau",5432,0.279754853993923,2,0,NA,NA,"North-Western","Mufumbwe"
"473","KYAKILIKA","Watson",NA,"IND","3,084","Mufumbwe","Watson Kyakilika",3084,0.158829891332338,3,0,NA,NA,"North-Western","Mufumbwe"
"474","MASUMBA","Steven",NA,"PF","2,687","Mufumbwe","Steven Masumba",2687,0.138383890405315,4,0,NA,NA,"North-Western","Mufumbwe"
"475","KAYOMBO","Lapson S",NA,"FDD","202","Mufumbwe","Lapson S Kayombo",202,0.0104032548797446,5,0,NA,NA,"North-Western","Mufumbwe"
"476","MANDUMBWA","Alfred",NA,"IND","4,989","Mulobezi","Alfred Mandumbwa",4989,0.507734581721962,1,1,2557,0.260227966619174,"Western","Mulobezi"
"477","MULASIKWANDA","Patricia M",NA,"PF","2,432","Mulobezi","Patricia M Mulasikwanda",2432,0.247506615102789,2,0,NA,NA,"Western","Mulobezi"
"478","MABENGA","Nawa F",NA,"UPND","2,251","Mulobezi","Nawa F Mabenga",2251,0.229086098107063,3,0,NA,NA,"Western","Mulobezi"
"479","MUYAMBALE","Nabeene L",NA,"FDD","79","Mulobezi","Nabeene L Muyambale",79,0.00803989415835538,4,0,NA,NA,"Western","Mulobezi"
"480","HAMANYANGA","Hamanyanga M",NA,"RAINBOW","75","Mulobezi","Hamanyanga M Hamanyanga",75,0.00763281090983106,5,0,NA,NA,"Western","Mulobezi"
"481","NANJUWA","Credo",NA,"UPND","16,464","Mumbwa","Credo Nanjuwa",16464,0.687776756621272,1,1,11948,0.499122733728799,"Central","Mumbwa"
"482","MALINDIMA","John M",NA,"IND","4,516","Mumbwa","John M Malindima",4516,0.188654022892472,2,0,NA,NA,"Central","Mumbwa"
"483","KAPENDA","Benson",NA,"PF","2,833","Mumbwa","Benson Kapenda",2833,0.118347397443395,3,0,NA,NA,"Central","Mumbwa"
"484","LUKATA","Phillimon",NA,"FDD","125","Mumbwa","Phillimon Lukata",125,0.00522182304286072,4,0,NA,NA,"Central","Mumbwa"
"485","LUO","Nkandu",NA,"PF","37,935","Munali","Nkandu Luo",37935,0.469917128098406,1,1,13307,0.164839520854237,"Lusaka","Lusaka"
"486","MWAMBA","Doreen S",NA,"UPND","24,628","Munali","Doreen S Mwamba",24628,0.305077607244169,2,0,NA,NA,"Lusaka","Lusaka"
"487","MPOSHA","Mike E",NA,"MMD","11,122","Munali","Mike E Mposha",11122,0.137772987971806,3,0,NA,NA,"Lusaka","Lusaka"
"488","MWANZA","Antonio M",NA,"FDD","4,651","Munali","Antonio M Mwanza",4651,0.0576139333804056,4,0,NA,NA,"Lusaka","Lusaka"
"489","KAWEME","Sydney P",NA,"IND","893","Munali","Sydney P Kaweme",893,0.0110619743084718,5,0,NA,NA,"Lusaka","Lusaka"
"490","CHAILE","Vincent",NA,"RRP","831","Munali","Vincent Chaile",831,0.0102939536957895,6,0,NA,NA,"Lusaka","Lusaka"
"491","MWILA","Mutale",NA,"UNIP","373","Munali","Mutale Mwila",373,0.00462051110533031,7,0,NA,NA,"Lusaka","Lusaka"
"492","CHIFITA","Boston G",NA,"RAINBOW","294","Munali","Boston G Chifita",294,0.00364190419562228,8,0,NA,NA,"Lusaka","Lusaka"
"493","MUTABA","Sililo O",NA,"UPND","6,929","Mwandi","Sililo O Mutaba",6929,0.726005867560771,1,1,4679,0.490255658005029,"Western","Mwandi"
"494","KAINGU","Michael L",NA,"PF","2,250","Mwandi","Michael L Kaingu",2250,0.235750209555742,2,0,NA,NA,"Western","Mwandi"
"495","MUKUKA","Akalemwa",NA,"MMD","252","Mwandi","Akalemwa Mukuka",252,0.0264040234702431,3,0,NA,NA,"Western","Mwandi"
"496","SITUMBEKO","Justin",NA,"RAINBOW","77","Mwandi","Justin Situmbeko",77,0.00806789606035205,4,0,NA,NA,"Western","Mwandi"
"497","KALUMBU","Situmbeko A",NA,"FDD","36","Mwandi","Situmbeko A Kalumbu",36,0.00377200335289187,5,0,NA,NA,"Western","Mwandi"
"498","MWEWA","Rodgers",NA,"PF","7,625","Mwansabombwe","Rodgers Mwewa",7625,0.610439516451845,1,1,4696,0.375950684492835,"Luapula","Mwansabombwe"
"499","MALUBA","Sunday C",NA,"MMD","2,929","Mwansabombwe","Sunday C Maluba",2929,0.23448883195901,2,0,NA,NA,"Luapula","Mwansabombwe"
"500","CHITONGE","Samuel",NA,"UDF","1,080","Mwansabombwe","Samuel Chitonge",1080,0.0864622528220319,3,0,NA,NA,"Luapula","Mwansabombwe"
"501","KAMANGALA","Mable K",NA,"UPND","857","Mwansabombwe","Mable K Kamangala",857,0.0686093987671123,4,0,NA,NA,"Luapula","Mwansabombwe"
"502","JAMBA","Machila",NA,"IND","9,631","Mwembezhi","Machila Jamba",9631,0.47913039152281,1,1,1199,0.0596487736928511,"Lusaka","Shibuyunji"
"503","MILAMBO","Austin C",NA,"UPND","8,432","Mwembezhi","Austin C Milambo",8432,0.419481617829959,2,0,NA,NA,"Lusaka","Shibuyunji"
"504","CHIPONGWE","Pamela",NA,"PF","1,597","Mwembezhi","Pamela Chipongwe",1597,0.0794487836426048,3,0,NA,NA,"Lusaka","Shibuyunji"
"505","SHANSENGO","Chikunse S",NA,"RAINBOW","359","Mwembezhi","Chikunse S Shansengo",359,0.0178598079697527,4,0,NA,NA,"Lusaka","Shibuyunji"
"506","MWANGALA","Oliver M",NA,"FDD","82","Mwembezhi","Oliver M Mwangala",82,0.00407939903487389,5,0,NA,NA,"Lusaka","Shibuyunji"
"507","MABUMBA","David",NA,"PF","11,670","Mwense","David Mabumba",11670,0.744212741534341,1,1,8997,0.573751674000383,"Luapula","Mwense"
"508","KASALWE","Chansa",NA,"IND","2,673","Mwense","Chansa Kasalwe",2673,0.170461067533958,2,0,NA,NA,"Luapula","Mwense"
"509","CHIKOTA","Justina",NA,"UPND","1,172","Mwense","Justina Chikota",1172,0.0747401313691729,3,0,NA,NA,"Luapula","Mwense"
"510","KABASO","James Y",NA,"FDD","166","Mwense","James Y Kabaso",166,0.0105860595625279,4,0,NA,NA,"Luapula","Mwense"
"511","SAMAKAYI","Newton",NA,"UPND","32,645","Mwinilunga","Newton Samakayi",32645,0.918413278942186,1,1,29745,0.836826557884372,"North-Western","Mwinilunga"
"512","KAPAIPI","Jonathan",NA,"PF","2,900","Mwinilunga","Jonathan Kapaipi",2900,0.081586721057814,2,0,NA,NA,"North-Western","Mwinilunga"
"513","SIWANZI","Yizukanji",NA,"PF","17,989","Nakonde","Yizukanji Siwanzi",17989,0.700070049813201,1,1,12385,0.481981631382316,"Muchinga","Nakonde"
"514","SINYANGWE","Charles B",NA,"UPND","5,604","Nakonde","Charles B Sinyangwe",5604,0.218088418430884,2,0,NA,NA,"Muchinga","Nakonde"
"515","SIAME","Kingfred",NA,"FDD","1,155","Nakonde","Kingfred Siame",1155,0.0449486301369863,3,0,NA,NA,"Muchinga","Nakonde"
"516","SIAME","George",NA,"RAINBOW","948","Nakonde","George Siame",948,0.036892901618929,4,0,NA,NA,"Muchinga","Nakonde"
"517","LUNGWANGWA","Lungwangwa G",NA,"UPND","9,814","Nalikwanda","Lungwangwa G Lungwangwa",9814,0.858242238740708,1,1,8193,0.716484477481417,"Western","Mongu"
"518","NAYUNDA","Samuel M",NA,"PF","1,621","Nalikwanda","Samuel M Nayunda",1621,0.141757761259292,2,0,NA,NA,"Western","Mongu"
"519","IMBUWA","George M",NA,"IND","5,060","Nalolo","George M Imbuwa",5060,0.335143727646046,1,1,181,0.0119883428268645,"Western","Nalolo"
"520","MUTANGA","Belinda M L",NA,"UPND","4,879","Nalolo","Belinda M L Mutanga",4879,0.323155384819181,2,0,NA,NA,"Western","Nalolo"
"521","MUNDIA","Kaywala E",NA,"PF","4,455","Nalolo","Kaywala E Mundia",4455,0.295072194992714,3,0,NA,NA,"Western","Nalolo"
"522","AKAYOMBOKWA","Catherine N",NA,"FDD","590","Nalolo","Catherine N Akayombokwa",590,0.039078023579282,4,0,NA,NA,"Western","Nalolo"
"523","IMALIMBILA","Namabunga A",NA,"UNIP","114","Nalolo","Namabunga A Imalimbila",114,0.00755066896277653,5,0,NA,NA,"Western","Nalolo"
"524","LUBEZHI","Moono",NA,"UPND","31,663","Namwala","Moono Lubezhi",31663,0.879527777777778,1,1,29367,0.81575,"Southern","Namwala"
"525","KABONGOMANA","Charity",NA,"FDD","2,296","Namwala","Charity Kabongomana",2296,0.0637777777777778,2,0,NA,NA,"Southern","Namwala"
"526","CHIKWATA","Kelvin",NA,"PF","2,041","Namwala","Kelvin Chikwata",2041,0.0566944444444444,3,0,NA,NA,"Southern","Namwala"
"527","HAMUSONDE","Boyd",NA,"IND","10,107","Nangoma","Boyd Hamusonde",10107,0.492591870552685,1,1,912,0.0444487766838873,"Central","Mumbwa"
"528","NZOVU","Collins",NA,"UPND","9,195","Nangoma","Collins Nzovu",9195,0.448143093868798,2,0,NA,NA,"Central","Mumbwa"
"529","NSHIMBI","Samuel",NA,"PF","953","Nangoma","Samuel Nshimbi",953,0.046447022126913,3,0,NA,NA,"Central","Mumbwa"
"530","KASANZALE","Edith",NA,"FDD","263","Nangoma","Edith Kasanzale",263,0.0128180134516035,4,0,NA,NA,"Central","Mumbwa"
"531","CHALI","Chilombo",NA,"PF","12,214","Nchanga","Chilombo Chali",12214,0.474219599316664,1,1,4350,0.168892685199565,"Copperbelt","Chingola"
"532","CHILUNDIKA","Derricky",NA,"UPND","7,864","Nchanga","Derricky Chilundika",7864,0.305326914117099,2,0,NA,NA,"Copperbelt","Chingola"
"533","KABEMBA","Judith",NA,"NAREP","5,381","Nchanga","Judith Kabemba",5381,0.208922192887094,3,0,NA,NA,"Copperbelt","Chingola"
"534","LUONDE","Richard S",NA,"RAINBOW","184","Nchanga","Richard S Luonde",184,0.00714396645441839,4,0,NA,NA,"Copperbelt","Chingola"
"535","MUTWALE","Chanda",NA,"IND","113","Nchanga","Chanda Mutwale",113,0.00438732722472434,5,0,NA,NA,"Copperbelt","Chingola"
"536","MALAMA","Anthony B",NA,"PF","17,653","Nchelenge","Anthony B Malama",17653,0.635548675115207,1,1,12684,0.456653225806452,"Luapula","Nchelenge"
"537","NDEBELE","Eddie",NA,"UPND","4,969","Nchelenge","Eddie Ndebele",4969,0.178895449308756,2,0,NA,NA,"Luapula","Nchelenge"
"538","CHISHA","Teddy M",NA,"IND","3,168","Nchelenge","Teddy M Chisha",3168,0.114055299539171,3,0,NA,NA,"Luapula","Nchelenge"
"539","BWALYA","Nsakasha",NA,"UNIP","906","Nchelenge","Nsakasha Bwalya",906,0.0326180875576037,4,0,NA,NA,"Luapula","Nchelenge"
"540","TOKA","David C",NA,"IND","595","Nchelenge","David C Toka",595,0.0214213709677419,5,0,NA,NA,"Luapula","Nchelenge"
"541","CHISAKULA","Christopher",NA,"RAINBOW","243","Nchelenge","Christopher Chisakula",243,0.0087485599078341,6,0,NA,NA,"Luapula","Nchelenge"
"542","MWALE","Kabwe K",NA,"FDD","242","Nchelenge","Kabwe K Mwale",242,0.00871255760368664,7,0,NA,NA,"Luapula","Nchelenge"
"543","MULENGA","Emmanuel",NA,"PF","22,440","Ndola Central","Emmanuel Mulenga",22440,0.665875370919881,1,1,12983,0.385252225519288,"Copperbelt","Ndola"
"544","KONIE","Victor",NA,"UPND","9,457","Ndola Central","Victor Konie",9457,0.280623145400593,2,0,NA,NA,"Copperbelt","Ndola"
"545","NEWA","Moses R",NA,"IND","1,181","Ndola Central","Moses R Newa",1181,0.0350445103857567,3,0,NA,NA,"Copperbelt","Ndola"
"546","WILIMA","William",NA,"FDD","338","Ndola Central","William Wilima",338,0.0100296735905045,4,0,NA,NA,"Copperbelt","Ndola"
"547","MWEWA","Robert J",NA,"RAINBOW","284","Ndola Central","Robert J Mwewa",284,0.0084272997032641,5,0,NA,NA,"Copperbelt","Ndola"
"548","CHITEME","Alexander",NA,"PF","18,993","Nkana","Alexander Chiteme",18993,0.709965610047847,1,1,12000,0.448564593301435,"Copperbelt","Kitwe"
"549","KATETE","Divo",NA,"UPND","6,993","Nkana","Divo Katete",6993,0.261401016746411,2,0,NA,NA,"Copperbelt","Kitwe"
"550","MULEBI","Ernest",NA,"FDD","537","Nkana","Ernest Mulebi",537,0.0200732655502392,3,0,NA,NA,"Copperbelt","Kitwe"
"551","MWALE","Faston",NA,"RAINBOW","229","Nkana","Faston Mwale",229,0.00856010765550239,4,0,NA,NA,"Copperbelt","Kitwe"
"552","MBANGWETA","Kapelwa",NA,"UPND","7,689","Nkeyema","Kapelwa Mbangweta",7689,0.637615059291815,1,1,4924,0.408325731818559,"Western","Nkeyema"
"553","ANTONIO","Carlos J",NA,"IND","2,765","Nkeyema","Carlos J Antonio",2765,0.229289327473256,2,0,NA,NA,"Western","Nkeyema"
"554","KAUNGU","Ethel W",NA,"PF","1,344","Nkeyema","Ethel W Kaungu",1344,0.111452027531304,3,0,NA,NA,"Western","Nkeyema"
"555","MUTI","Justin K",NA,"FDD","181","Nkeyema","Justin K Muti",181,0.0150095364458081,4,0,NA,NA,"Western","Nkeyema"
"556","YUVWENU","Kashandola",NA,"IND","80","Nkeyema","Kashandola Yuvwenu",80,0.00663404925781574,5,0,NA,NA,"Western","Nkeyema"
"557","PHIRI","Olipa M",NA,"PF","9,650","Nyimba","Olipa M Phiri",9650,0.479956231970556,1,1,1660,0.0825624191783547,"Eastern","Nyimba"
"558","ZULU","Menyani",NA,"IND","7,990","Nyimba","Menyani Zulu",7990,0.397393812792201,2,0,NA,NA,"Eastern","Nyimba"
"559","CHIVUNGULA","Philip T",NA,"UPND","1,445","Nyimba","Philip T Chivungula",1445,0.0718690938028449,3,0,NA,NA,"Eastern","Nyimba"
"560","TEMBO","Edson",NA,"MMD","554","Nyimba","Edson Tembo",554,0.0275539639908485,4,0,NA,NA,"Eastern","Nyimba"
"561","MUMBA","Justin DP",NA,"FDD","467","Nyimba","Justin Dp Mumba",467,0.0232268974435492,5,0,NA,NA,"Eastern","Nyimba"
"562","CHITOTELA","Ronald K",NA,"PF","7,482","Pambashe","Ronald K Chitotela",7482,0.667023268253544,1,1,4455,0.397165017384327,"Luapula","Kawambwa"
"563","KANUNSHA","Honorato",NA,"UPND","3,027","Pambashe","Honorato Kanunsha",3027,0.269858250869216,2,0,NA,NA,"Luapula","Kawambwa"
"564","CHUNGU","Justin K",NA,"IND","630","Pambashe","Justin K Chungu",630,0.0561647499331372,3,0,NA,NA,"Luapula","Kawambwa"
"565","WAPALWENA","Charles",NA,"FDD","78","Pambashe","Charles Wapalwena",78,0.0069537309441027,4,0,NA,NA,"Luapula","Kawambwa"
"566","MAZOKA","Christine M",NA,"UPND","23,903","Pemba","Christine M Mazoka",23903,0.923930269413629,1,1,23043,0.890688415600479,"Southern","Pemba"
"567","MILUMBE","Killious T",NA,"FDD","860","Pemba","Killious T Milumbe",860,0.0332418538131499,2,0,NA,NA,"Southern","Pemba"
"568","KOOMA","Hanyenzu H",NA,"RAINBOW","593","Pemba","Hanyenzu H Kooma",593,0.0229214178037184,3,0,NA,NA,"Southern","Pemba"
"569","HAMUCHENJE","Gerald",NA,"PF","515","Pemba","Gerald Hamuchenje",515,0.0199064589695025,4,0,NA,NA,"Southern","Pemba"
"570","SILIYA","Dora",NA,"PF","23,037","Petauke","Dora Siliya",23037,0.659745689902056,1,1,12974,0.371556217423678,"Eastern","Petauke"
"571","BANDA","Emmanuel J",NA,"IND","10,063","Petauke","Emmanuel J Banda",10063,0.288189472478378,2,0,NA,NA,"Eastern","Petauke"
"572","TEMBO","Mike",NA,"UPND","1,039","Petauke","Mike Tembo",1039,0.0297554270004009,3,0,NA,NA,"Eastern","Petauke"
"573","PHIRI","Ignasio AS",NA,"UNIP","299","Petauke","Ignasio As Phiri",299,0.00856291883842144,4,0,NA,NA,"Eastern","Petauke"
"574","PHIRI","Abel",NA,"FDD","280","Petauke","Abel Phiri",280,0.00801878687210035,5,0,NA,NA,"Eastern","Petauke"
"575","CHANGA","Josab",NA,"UDF","200","Petauke","Josab Changa",200,0.00572770490864311,6,0,NA,NA,"Eastern","Petauke"
"576","KAMBWILI","Chishimba",NA,"PF","11,397","Roan","Chishimba Kambwili",11397,0.581271994695772,1,1,6298,0.321211812107921,"Copperbelt","Luanshya"
"577","KAYEKESI","Andrew K",NA,"UPND","5,099","Roan","Andrew K Kayekesi",5099,0.260060182587851,2,0,NA,NA,"Copperbelt","Luanshya"
"578","MUNSANJE","Ditar M",NA,"IND","1,857","Roan","Ditar M Munsanje",1857,0.0947110725761208,3,0,NA,NA,"Copperbelt","Luanshya"
"579","MULENGA","Basilio K",NA,"FDD","888","Roan","Basilio K Mulenga",888,0.0452899474677411,4,0,NA,NA,"Copperbelt","Luanshya"
"580","CHIBWE","Daniel",NA,"RAINBOW","366","Roan","Daniel Chibwe",366,0.0186668026725149,5,0,NA,NA,"Copperbelt","Luanshya"
"581","MULYATA","Sheal S",NA,"UPND","5,709","Rufunsa","Sheal S Mulyata",5709,0.540471456972451,1,1,1127,0.106693174287608,"Lusaka","Rufunsa"
"582","CHIPUNGU","Kenneth",NA,"PF","4,582","Rufunsa","Kenneth Chipungu",4582,0.433778282684843,2,0,NA,NA,"Lusaka","Rufunsa"
"583","KANDYATA","John",NA,"FDD","272","Rufunsa","John Kandyata",272,0.0257502603427057,3,0,NA,NA,"Lusaka","Rufunsa"
"584","MULOWA","Mukumbuta",NA,"UPND","14,497","Senanga","Mukumbuta Mulowa",14497,0.731137784950575,1,1,11950,0.602683074440186,"Western","Senanga"
"585","LANCE","Martin",NA,"PF","2,547","Senanga","Martin Lance",2547,0.128454710510389,2,0,NA,NA,"Western","Senanga"
"586","SIYUMBANO","Kufanga A",NA,"MMD","1,441","Senanga","Kufanga A Siyumbano",1441,0.072675005043373,3,0,NA,NA,"Western","Senanga"
"587","LUBINDA","Wakuuma",NA,"ADD","670","Senanga","Wakuuma Lubinda",670,0.0337905991527133,4,0,NA,NA,"Western","Senanga"
"588","MUKONDA","Justine L",NA,"UNIP","349","Senanga","Justine L Mukonda",349,0.0176013717974581,5,0,NA,NA,"Western","Senanga"
"589","MWIYA","Beatrice M",NA,"FDD","324","Senanga","Beatrice M Mwiya",324,0.0163405285454912,6,0,NA,NA,"Western","Senanga"
"590","SIMBAO","Kapembwa N",NA,"PF","9,410","Senga Hill","Kapembwa N Simbao",9410,0.437166085946574,1,1,1065,0.0494773519163763,"Northern","Mbala"
"591","YAMBAYAMBA","Giles C",NA,"UPND","8,345","Senga Hill","Giles C Yambayamba",8345,0.387688734030197,2,0,NA,NA,"Northern","Mbala"
"592","SALASINI","Joseph S",NA,"IND","2,821","Senga Hill","Joseph S Salasini",2821,0.131056910569106,3,0,NA,NA,"Northern","Mbala"
"593","NDAWA","Dennis",NA,"FDD","626","Senga Hill","Dennis Ndawa",626,0.029082462253194,4,0,NA,NA,"Northern","Mbala"
"594","SALALE","Cosmas",NA,"ADD","323","Senga Hill","Cosmas Salale",323,0.0150058072009292,5,0,NA,NA,"Northern","Mbala"
"595","KABANDA","Maxwell M",NA,"MMD","5,427","Serenje","Maxwell M Kabanda",5427,0.44955268389662,1,1,213,0.0176441351888668,"Central","Serenje"
"596","KOSAMU","Phillip",NA,"PF","5,214","Serenje","Phillip Kosamu",5214,0.431908548707753,2,0,NA,NA,"Central","Serenje"
"597","CHIKAMBA","Clarissa",NA,"UPND","1,431","Serenje","Clarissa Chikamba",1431,0.118538767395626,3,0,NA,NA,"Central","Serenje"
"598","KUFAKWANDI","Frank S",NA,"UPND","13,069","Sesheke","Frank S Kufakwandi",13069,0.816353301268037,1,1,10129,0.632706602536073,"Western","Sesheke"
"599","NAMAWA","Sililo",NA,"PF","2,940","Sesheke","Sililo Namawa",2940,0.183646698731963,2,0,NA,NA,"Western","Sesheke"
"600","MUBIKA","Mubika",NA,"UPND","10,128","Shangombo","Mubika Mubika",10128,0.647487533563483,1,1,4614,0.294975067126966,"Western","Shangombo"
"601","NJEULU","Poniso",NA,"PF","5,514","Shangombo","Poniso Njeulu",5514,0.352512466436517,2,0,NA,NA,"Western","Shangombo"
"602","KAMPYONGO","Stephen",NA,"PF","10,688","Shiwan'gandu","Stephen Kampyongo",10688,0.608517421999545,1,1,8863,0.504611705761785,"Muchinga","Shiwan'gandu"
"603","CHANDA","Kingfred E",NA,"IND","1,825","Shiwan'gandu","Kingfred E Chanda",1825,0.103905716237759,2,0,NA,NA,"Muchinga","Shiwan'gandu"
"604","KALUBA","Martin T",NA,"IND","1,691","Shiwan'gandu","Martin T Kaluba",1691,0.096276474607151,3,0,NA,NA,"Muchinga","Shiwan'gandu"
"605","MUBANGA","Elias",NA,"UPND","1,461","Shiwan'gandu","Elias Mubanga",1461,0.0831815076292416,4,0,NA,NA,"Muchinga","Shiwan'gandu"
"606","CHANDA","Jonas K",NA,"RAINBOW","781","Shiwan'gandu","Jonas K Chanda",781,0.0444659530858574,5,0,NA,NA,"Muchinga","Shiwan'gandu"
"607","MULENGA","Holland C",NA,"IND","775","Shiwan'gandu","Holland C Mulenga",775,0.0441243452516511,6,0,NA,NA,"Muchinga","Shiwan'gandu"
"608","LESA","Gwendoline",NA,"FDD","343","Shiwan'gandu","Gwendoline Lesa",343,0.0195285811887953,7,0,NA,NA,"Muchinga","Shiwan'gandu"
"609","MULUNDA","Darius",NA,"UPND","15,767","Siavonga","Darius Mulunda",15767,0.851993947908786,1,1,13028,0.703987895817573,"Southern","Siavonga"
"610","MWEETWA","Brave",NA,"PF","2,739","Siavonga","Brave Mweetwa",2739,0.148006052091214,2,0,NA,NA,"Southern","Siavonga"
"611","NDALAMEI","Mundia",NA,"UPND","7,740","Sikongo","Mundia Ndalamei",7740,0.595476227111863,1,1,2573,0.19795353131251,"Western","Sikongo"
"612","KUFUKA","Kufuka",NA,"PF","5,167","Sikongo","Kufuka Kufuka",5167,0.397522695799354,2,0,NA,NA,"Western","Sikongo"
"613","KUTAUKA","Munukayumbwa M",NA,"FDD","91","Sikongo","Munukayumbwa M Kutauka",91,0.00700107708878289,3,0,NA,NA,"Western","Sikongo"
"614","SIALUBALO","Gift S",NA,"UPND","34,397","Sinazongwe","Gift S Sialubalo",34397,0.807687792049217,1,1,28226,0.662784417780074,"Southern","Sinazongwe"
"615","SIAMUNENE","Richwell",NA,"PF","6,171","Sinazongwe","Richwell Siamunene",6171,0.144903374269143,2,0,NA,NA,"Southern","Sinazongwe"
"616","SHANZA","Neddy",NA,"IND","1,932","Sinazongwe","Neddy Shanza",1932,0.0453659567473642,3,0,NA,NA,"Southern","Sinazongwe"
"617","SIMUNYIKA","Fudick",NA,"FDD","87","Sinazongwe","Fudick Simunyika",87,0.00204287693427572,4,0,NA,NA,"Southern","Sinazongwe"
"618","TEMBO","Masauso K",NA,"IND","7,193","Sinda","Masauso K Tembo",7193,0.465717060537391,1,1,1685,0.109096795079314,"Eastern","Sinda"
"619","NGOMA","Levy J",NA,"UPND","5,508","Sinda","Levy J Ngoma",5508,0.356620265458077,2,0,NA,NA,"Eastern","Sinda"
"620","BANDA","Gladys",NA,"PF","2,744","Sinda","Gladys Banda",2744,0.177662674004532,3,0,NA,NA,"Eastern","Sinda"
"621","SUBULWA","Mbololwa",NA,"IND","4,288","Sioma","Mbololwa Subulwa",4288,0.362192752766281,1,1,326,0.0275361094687051,"Western","Sioma"
"622","MUBIANA","Mutomena",NA,"PF","3,962","Sioma","Mutomena Mubiana",3962,0.334656643297576,2,0,NA,NA,"Western","Sioma"
"623","MANDANDI","Kaliye",NA,"UPND","3,387","Sioma","Kaliye Mandandi",3387,0.286088352056762,3,0,NA,NA,"Western","Sioma"
"624","NYAMBE","Newton N",NA,"FDD","137","Sioma","Newton N Nyambe",137,0.0115719233043331,4,0,NA,NA,"Western","Sioma"
"625","SITALI","Sitali B",NA,"ADD","65","Sioma","Sitali B Sitali",65,0.00549032857504857,5,0,NA,NA,"Western","Sioma"
"626","MULUSA","Stafford",NA,"UPND","35,205","Solwezi Central","Stafford Mulusa",35205,0.762805512220489,1,1,24665,0.534429710521754,"North-Western","Solwezi"
"627","KAFWAYA","Dawson",NA,"PF","10,540","Solwezi Central","Dawson Kafwaya",10540,0.228375801698735,2,0,NA,NA,"North-Western","Solwezi"
"628","MWANSA","Monty K",NA,"GREENS","407","Solwezi Central","Monty K Mwansa",407,0.00881868608077657,3,0,NA,NA,"North-Western","Solwezi"
"629","KINTU","Leaky",NA,"UPND","6,638","Solwezi East","Leaky Kintu",6638,0.695151324746047,1,1,4124,0.431877683527071,"North-Western","Solwezi"
"630","TAIMA","Richard",NA,"PF","2,514","Solwezi East","Richard Taima",2514,0.263273641218976,2,0,NA,NA,"North-Western","Solwezi"
"631","KAFUNGA","Wilson",NA,"FDD","397","Solwezi East","Wilson Kafunga",397,0.0415750340349775,3,0,NA,NA,"North-Western","Solwezi"
"632","KASONSO","Teddy J",NA,"UPND","20,419","Solwezi West","Teddy J Kasonso",20419,0.797991245896514,1,1,17733,0.693020165702673,"North-Western","Solwezi"
"633","BUKONKE","Nathan B",NA,"FDD","2,686","Solwezi West","Nathan B Bukonke",2686,0.104971080193841,2,0,NA,NA,"North-Western","Solwezi"
"634","DAUCHI","Marjorie K",NA,"PF","2,483","Solwezi West","Marjorie K Dauchi",2483,0.0970376739096451,3,0,NA,NA,"North-Western","Solwezi"
"635","MITI","Margaret",NA,"PF","4,919","Vubwi","Margaret Miti",4919,0.553193882141251,1,1,2121,0.238529014844804,"Eastern","Vubwi"
"636","PHIRI","Alfonso K",NA,"UPND","2,798","Vubwi","Alfonso K Phiri",2798,0.314664867296446,2,0,NA,NA,"Eastern","Vubwi"
"637","MWALE","Vincent I",NA,"UDF","553","Vubwi","Vincent I Mwale",553,0.0621907332433648,3,0,NA,NA,"Eastern","Vubwi"
"638","BANDA","Exerviel",NA,"FDD","348","Vubwi","Exerviel Banda",348,0.039136302294197,4,0,NA,NA,"Eastern","Vubwi"
"639","BANDA","Dominic",NA,"RAINBOW","274","Vubwi","Dominic Banda",274,0.0308142150247413,5,0,NA,NA,"Eastern","Vubwi"
"640","KALOBO","Pavyuma",NA,"IND","14,062","Wusakile","Pavyuma Kalobo",14062,0.534067603494113,1,1,5817,0.220926699582226,"Copperbelt","Kitwe"
"641","SIMWIZYE","Ackson",NA,"PF","8,245","Wusakile","Ackson Simwizye",8245,0.313140903911888,2,0,NA,NA,"Copperbelt","Kitwe"
"642","SIKUFELE","Mundia",NA,"UPND","2,650","Wusakile","Mundia Sikufele",2650,0.100645651348272,3,0,NA,NA,"Copperbelt","Kitwe"
"643","CHISALA","Kazenene",NA,"IND","1,222","Wusakile","Kazenene Chisala",1222,0.0464109380934295,4,0,NA,NA,"Copperbelt","Kitwe"
"644","KATOKA","Justin",NA,"FDD","151","Wusakile","Justin Katoka",151,0.00573490315229776,5,0,NA,NA,"Copperbelt","Kitwe"
"645","KAMBITA","Brian",NA,"UPND","11,776","Zambezi East","Brian Kambita",11776,0.694913253865219,1,1,7381,0.435560014162634,"North-Western","Zambezi"
"646","KANKINZA","Kenneth K",NA,"PF","4,395","Zambezi East","Kenneth K Kankinza",4395,0.259353239702585,2,0,NA,NA,"North-Western","Zambezi"
"647","KAMBANJI","Paul K",NA,"FDD","446","Zambezi East","Paul K Kambanji",446,0.0263188953145285,3,0,NA,NA,"North-Western","Zambezi"
"648","NKANZA","Womba",NA,"RAINBOW","329","Zambezi East","Womba Nkanza",329,0.0194146111176679,4,0,NA,NA,"North-Western","Zambezi"
"649","KUCHEKA","Prisca C",NA,"UPND","3,951","Zambezi West","Prisca C Kucheka",3951,0.509609183541855,1,1,194,0.0250225719076487,"North-Western","Zambezi"
"650","NGIMBU","Christabel MM",NA,"PF","3,757","Zambezi West","Christabel Mm Ngimbu",3757,0.484586611634206,2,0,NA,NA,"North-Western","Zambezi"
"651","SAMUKONGA","Kahalu P",NA,"FDD","45","Zambezi West","Kahalu P Samukonga",45,0.00580420482393912,3,0,NA,NA,"North-Western","Zambezi"
