col1,col2,col3,col4,col5,col6,col7,col8,col9,col10
CENTRAL,CHIBOMBO,001 Chisamba,MUTETEKA Moses,MMD,"12,612",,,,
,,,MATONGO Lucky,"UPND, FDD, UNIP (UDA)","6,931",,,,
,,,MILAMBO Moses,PF,"1,607",,,,
,,,LUBASI Irene W.,Independent,"1,437",,,,
,,,,,"22,587",717,"23,304","33,263",
,,,,,,,,,
,,002 Katuba,SHAKAFUSWA Jonas,MMD,"8,804",,,,
,,,MWANJA Owen H.,Independent,"3,441",,,,
,,,MULOWA Peter,"UPND, FDD, UNIP (UDA)","3,096",,,,
,,,MWITTAH Andrew,PF,"1,109",,,,
,,,,,"16,450",305,"16,755","22,659",
,,003 Keembe,SHIKAPWASHA Ronald,MMD,"20,084",,,,
,,,LUPENGA Allan F.,"UPND, FDD, UNIP (UDA)","7,958",,,,
,,,MWAPE James,PF,"3,223",,,,
,,,,,"31,265",992,"32,257","43,206",
,KABWE,004 Bwacha,NYIRONGO Gladys Z.,MMD,"10,777",,,,
,,,MBAO Charles,PF,"7,386",,,,
,,,MTONGA Redson T.,FDD,"2,805",,,,
,,,,,"20,968",0,"20,968","30,302",
,,CONSTITUENCY,CANDIDATE‰ÛªS,,,,TOTAL,TOTAL,
PROVINCE,COUNCIL,NO./NAME,,PARTY,VOTES,,VOTES,REGISTERED,
,,,,,REC‰ÛªD,REJECTED,CAST,VOTERS,
CENTRAL,KABWE,005 Kabwe Central,KAKUSA Kayula,MMD,"9,680",,,,
,,,CHAMA Davies,PF,"9,509",,,,
,,,KABESHA Mulilo,"UPND, FDD, UNIP (UDA)","9,370",,,,
,,,NKANDU Stewart,Heritage,583,,,,
,,,,,"29,142",405,"29,547","40,598",
,,,,,,,,,
,KAPIRI-MPOSHI,006 Kapiri Mposhi,MALWA Friday P.,MMD,"26,806",,,,
,,,MWILA Smart K.,PF,"8,663",,,,
,,,MALUTI Bishop K.,"UPND, FDD, UNIP (UDA)","8,190",,,,
,,,,,"43,659","1,592","45,251","68,383",
,,,,,,,,,
,MKUSHI,007 Mkushi North,CHANGWE Lucy S.,MMD,"13,263",,,,
,,,MWAPE Webby,Independent,"2,151",,,,
,,,MUMBA Davies,PF,"1,738",,,,
,,,NKONDE Pardon M.,"UPND, FDD, UNIP (UDA)","1,502",,,,
,,,,,"18,654",733,"19,387","29,181",
,,,,,,,,,
,,008 Mkushi South,CHISANGA Sydney,MMD,"5,188",,,,
,,,HAMUNZALA Fines M.,"UPND, FDD, UNIP (UDA)","1,410",,,,
,,,MWAMI Gabriel,PF,371,,,,
,,,KASAMWA Aim N.,Independent,151,,,,
,,,,,"7,120",270,"7,390","9,599",
,,,,,,,,,
,MUMBWA,009 Mwembezhi,KASOKO Edward,"UPND, FDD, UNIP (UDA)","7,016",,,,
,,,CHILIKWELA Crispin,MMD,"4,644",,,,
,,,SHENTON Rolf E.,PF,"1,079",,,,
,,,SHIKABWALI Rueben G.,Independent,792,,,,
,,,,,"13,531",292,"13,823","18,434",
,,,,,,,,,
,,010 Mumbwa,CHITUWO Brian,MMD,"13,806",,,,
,,,MWAKILIMA Alick,"UPND, FDD, UNIP (UDA)","4,968",,,,
,,,SITULA Sikwindi,ULP,560,,,,
,,,SAYILA Alfred K.,FEDEPA,300,,,,
,,,,,"19,634",326,"19,960","24,771",
,,,,,,,,,
,,011 Nangoma,HAMUSONDE Boyd,"UPND, FDD, UNIP (UDA)","9,393",,,,
,,,SHEPANDE Kennedy M.,MMD,"4,046",,,,
,,,,,"13,439",296,"13,735","19,400",
,,,,,,,,,
,SERENJE,012 Chitambo,HAMIR Nasim-UL-Gani A.,MMD,"6,659",,,,
,,,CHOLA Evans C.,NDF,986,,,,
,,,CHIKWELETE Robert,PF,897,,,,
,,,KAPILYA Joseph K.,"UPND, FDD, UNIP (UDA)",282,,,,
,,CONSTITUENCY,CANDIDATE‰ÛªS,,,,TOTAL,TOTAL,
PROVINCE,COUNCIL,NO./NAME,,PARTY,VOTES,,VOTES,REGISTERED,
,,,,,REC‰ÛªD,REJECTED,CAST,VOTERS,
,,,,,,,,,
CENTRAL,SERENJE,013 Muchinga,KUNDA George,MMD,"6,805",,,,
,,,KALUNGA Ackson O.,"UPND, FDD, UNIP   (UDA)","1,369",,,,
,,,YAMBA Fredson K.,PF,476,,,,
,,,NTEMBWA Jeliaty,NDF,442,,,,
,,,,,"9,092",265,"9,357","13,041",
,,,,,,,,,
,,,,,,,,,
,,014 Serenje Central,BANDA Ackimson,MMD,"6,128",,,,
,,,MUSONDA Chunga,PF,"1,993",,,,
,,,MALAMA Jammy C.,Independent,"1,960",,,,
,,,NDHLOVU Benson,"UPND, FDD, UNIP  (UDA)",596,,,,
,,,,,"10,677",503,"11,180","16,406",
,,,,,,,,,
COPPERBELT,CHILILABOMBWE,015 Chililabombwe,BANDA Esther  M.,PF,"11,366",,,,
,,,MULIOKELA Wamundila,MMD,"5,471",,,,
,,,KANSWATA Chiyeni,"UPND, FDD, UNIP  (UDA)","3,258",,,,
,,,PHIRI Edward P.,Independent,552,,,,
,,,KOWA Victor,NDF,358,,,,
,,,TEMBO Cosam,Heritage,290,,,,
,,,,,"21,295",312,"21,607","29,639",
,,,,,,,,,
,CHINGOLA,016 Chingola,KATEMA Joseph Dr.,PF,"12,550",,,,
,,,MUKONKELA Jerry,MMD,"7,382",,,,
,,,MULEMENA Cindy M.,Independent,"3,774",,,,
,,,KALUSA Joe,"UPND, FDD, UNIP (UDA)","3,351",,,,
,,,HODGSON Rodney D.,Independent,"1,964",,,,
,,,KAZIMBAYA Bertha,Heritage,"1,219",,,,
,,,,,"30,240",357,"30,597","40,244",
,,,,,,,,,
,,017 Nchanga,CHIMUMBWA Charles,PF,"14,831",,,,
,,,KAZALA Richard L.,MMD,"4,624",,,,
,,,SIMWINGA Alvin V.,"UPND, FDD, UNIP (UDA)","1,865",,,,
,,,KACHAMBA Gineton,Independent,678,,,,
,,,MBEWE Charles N.,Heritage,666,,,,
,,,,,"22,664",297,"22,961","29,448",
,,,CONSTITUENCY,CANDIDATE‰ÛªS,,,,TOTAL,TOTAL
,PROVINCE,COUNCIL,NO./NAME,,PARTY,VOTES,,VOTES,REGISTERED
,,,,,,REC‰ÛªD,REJECTED,CAST,VOTERS
,,,,,,,,,
,,KALULUSHI,018 Kalulushi,SIMAMA Anson,PF,"15,011",,,
,,,,MWILA Anthony,MMD,"9,393",,,
,,,,BANDA Elijah,"UPND, FDD, UNIP (UDA)","1,889",,,
,,,,MWAPE Diana,Heritage,717,,,
,,,,NGONGA Charles,Independent,211,,,
,,,,,,"27,221",530,"27,751","36,275"
,,,,,,,,,
,,KITWE,019 Chimwemwe,NSANDA Willie,PF,"8,852",,,
,,,,LUNGU George,MMD,"7,397",,,
,,,,MUNGALABA Ackson,Heritage,"6,324",,,
,,,,KUNDA  Jackson  K.,"UPND, FDD, UNIP (UDA)",822,,,
,,,,,,"23,395",454,"23,849","31,052"
,,,,,,,,,
,,,020 Kamfinsa,NYIRENDA Michael A.,PF,"7,638",,,
,,,,CHIPILI Webby,MMD,"6,125",,,
,,,,MWANJISI Lemmy A.,Independent,"1,943",,,
,,,,KHALOMOH Alfred,"UPND, FDD, UNIP (UDA)","1,338",,,
,,,,KASONDE Cecilia,Heritage,"1,075",,,
,,,,NYIRENDA David,NDF,418,,,
,,,,,,"18,537",317,"18,854","25,387"
,,,,,,,,,
,,,021 Kwacha,MULENGA Lombe J.,PF,"14,378",,,
,,,,APPEL Eugene B.,MMD,"10,591",,,
,,,,MWANAPABO George,Independent,"3,407",,,
,,,,SANDERSON Evaness N.,RP,"3,220",,,
,,,,MWANZA Kalulu A.,"UPND, FDD, UNIP (UDA)","2,425",,,
,,,,NKANDU Newton,Independent,178,,,
,,,,,,"34,199",578,"34,777","40,419"
,,,,,,,,,
,,,022 Nkana,MWENYA Musenge,PF,"13,210",,,
,,,,SIWALE Eunice M.,MMD,"4,251",,,
,,,,CHISANGA Patrick D.,"UPND, FDD, UNIP (UDA)","4,132",,,
,,,,,,"21,593",378,"21,971","28,789"
,,,,,,,,,
,,,023 Wusakile,CHELLA Barnabas,PF,"11,532",,,
,,,,SIWALE Moses,MMD,"4,121",,,
,,,,SAMPA Grace,"UPND, FDD, UNIP (UDA)","2,383",,,
,,,,NYONDO Hopeson,NDF,524,,,
,,CONSTITUENCY,CANDIDATE‰ÛªS,,,,TOTAL,TOTAL,
PROVINCE,COUNCIL,NO./NAME,,PARTY,VOTES,,VOTES,REGISTERED,
,,,,,REC‰ÛªD,REJECTED,CAST,VOTERS,
,,,,,,,,,
COPPERBELT,LUANSHYA,024 Luanshya,PHIRI-NJOVU Jean  M.,PF,"9,101",,,,
,,,KACHIMBA Simon,MMD,"9,081",,,,
,,,MULENGA-BANDA Helen,Independent,"3,346",,,,
,,,SIWALE Peart,"UPND, FDD, UNIP (UDA)","1,718",,,,
,,,BWALYA Barnabas C.,NDF,909,,,,
,,,,,"24,155",446,"24,601","33,174",
,,,,,,,,,
,,025 Roan,KAMBWILI Chishimba,PF,"8,096",,,,
,,,CHILAMBWE Joseph A.,MMD,"3,799",,,,
,,,PHIRI Alimon,Independent,"1,049",,,,
,,,KANTA Stephen M.,"UPND, FDD, UNIP (UDA)",471,,,,
,,,,,"13,415",120,"13,535","20,792",
,,,,,,,,,
,MUFULIRA,026 Kankoyo,CHANDA Percy,PF,"5,081",,,,
,,,SANDI Emmanuel A.,MMD,"4,783",,,,
,,,MWANSA Victoria N.,Independent,924,,,,
,,,NYUNDU Moses,Independent,583,,,,
,,,ZULU Steven,"UPND, FDD, UNIP (UDA)",481,,,,
,,,MANDELE Edith,PUDD,121,,,,
,,,,,"11,973",207,"12,180","15,780",
,,,,,,,,,
,,027 Kantanshi,MUKANGA Yamfwa D.,PF,"12,366",,,,
,,,MAMBWE Harrington,MMD,"4,557",,,,
,,,SIMIKA Baidon,"UPND, FDD, UNIP (UDA)",701,,,,
,,,CHILUMBA Evaristo,Heritage,676,,,,
,,,,,"18,300",314,"18,614","24,084",
,,,,,,,,,
,,028 Mufulira,MASIYE Marjory M.,PF,"7,113",,,,
,,,MUSHINGE Chapa G.,MMD,"6,505",,,,
,,,KABANGO Oliver,"UPND, FDD, UNIP (UDA)","1,010",,,,
,,,,,"14,628",388,"15,016","20,278",
,,,,,,,,,
,LUFWANYAMA,030 Lufwanyama,PUMA Lwipa F. (Dr.),MMD,"10,294",,,,
,,,CHIMENA Rodgers,Heritage,"1,651",,,,
,,,MWASHI Boazi S.,"UPND, FDD, UNIP (UDA)","1,200",,,,
,,,PHIRI Phillip,PF,"1,068",,,,
,,,KAMALONI Stephen,Independent,"1,049",,,,
,,,NKUMBULA Joseph,APC,477,,,,
,,CONSTITUENCY,CANDIDATE‰ÛªS,,,,TOTAL,TOTAL,
PROVINCE,COUNCIL,NO./NAME,,PARTY,VOTES,,VOTES,REGISTERED,
,,,,,REC‰ÛªD,REJECTED,CAST,VOTERS,
,,,,,,,,,
COPPERBELT,NDOLA,033 Bwana Mkubwa,ZULU Joseph K.,PF,"6,615",,,,
,,,BWALYA-CHIBULU Barbara,MMD,"5,139",,,,
,,,SIMALONGA Lenard,"UPND, FDD, UNIP (UDA)","1,426",,,,
,,,CHIPOKA Thomson,Independent,508,,,,
,,,MWANZA Greenford,Heritage,340,,,,
,,,,,"14,028",401,"14,429","34,126",
,,,,,,,,,
,,034 Chifubu,BWALYA Benson M.,PF,"10,815",,,,
,,,KONIE Victor,MMD,"7,969",,,,
,,,SHAMAKAMBA Thom T.,"UPND, FDD, UNIP (UDA)","2,183",,,,
,,,MWELWA Ngosa H.,PUDD,948,,,,
,,,,,"21,915",464,"22,379","29,238",
,,,,,,,,,
,,035 Kabushi,MSICHILI Lombani P.,PF,"11,676",,,,
,,,MUKALA Geoffrey P.,MMD,"8,557",,,,
,,,KANYANTA Luka M.,"UPND, FDD, UNIP (UDA)","1,764",,,,
,,,SAMABI Lawrence,Heritage,474,,,,
,,,IKASHAKALA Mubita,NDF,433,,,,
,,,,,"22,904",411,"23,315","29,644",
,,,,,,,,,
,,036 Ndola Central,MUSHILI Mark C.,PF,"14,056",,,,
,,,ZAMBEZI Mary M.,MMD,"7,743",,,,
,,,TAYALI Frank M.,"UPND, FDD, UNIP (UDA)","3,203",,,,
,,,MUSONDA Isaac C.,PUDD,"1,556",,,,
,,,,,"26,558",614,"27,172","38,767",
,,,,,,,,,
,,,,,,,,,
,MASAITI,029 Kafulafuta,MPOMBO George W.,MMD,"7,595",,,,
,,,ZULU Patrick,PF,"2,664",,,,
,,,,,"10,259",404,"10,663","14,233",
,,,,,,,,,
,,031 Masaiti,LUNDWE Gladies,MMD,"11,288",,,,
,,,ZULU Clifford,PF,"1,500",,,,
,,,MUTAYA Mobby T.,"UPND, FDD, UNIP (UDA)",671,,,,
,,,,,"13,459",284,"13,743","21,002",
,,,,,,,,,
,,CONSTITUENCY,CANDIDATE‰ÛªS,,,,TOTAL,TOTAL,
PROVINCE,COUNCIL,NO./NAME,,PARTY,VOTES,,VOTES,REGISTERED,
,,,,,REC‰ÛªD,REJECTED,CAST,VOTERS,
COPPERBELT,MPONGWE,032 Mpongwe,NAMULAMBE Gabriel,MMD,"14,094",,,,
,,,ILUNGA Jack,"UPND, FDD, UNIP (UDA)","2,117",,,,
,,,KALONGELWA Elizabeth,PF,"1,950",,,,
,,,,,"18,161",495,"18,656","29,722",
,,,,,,,,,
,,,,,,,,,
EASTERN,CHADIZA,037 Chadiza,MBEWE Allan,MMD,"5,903",,,,
,,,TEMBO  Salatiel,"UPND, FDD, UNIP (UDA)","5,030",,,,
,,,ZULU Phillip M.,Independent,"1,071",,,,
,,,PHIRI Almakio K.,PF,377,,,,
,,,MZYECE Edward J.,Heritage,300,,,,
,,,,,"12,681",514,"13,195","18,230",
,,,,,,,,,
,,038 Vubwi,KAZONGA Eustarckio,MMD,"3,271",,,,
,,,PHIRI Lucas,"UPND, FDD, UNIP (UDA)","2,382",,,,
,,,SAKALA Maxensio M.,Independent,871,,,,
,,,PHIRI Phillip G.,Independent,564,,,,
,,,BANDA Avito F.,Heritage,520,,,,
,,,BANDA Patrick,Independent,352,,,,
,,,MBEWE Grasiano K.,Independent,344,,,,
,,,BANDA Nicerata C.,Independent,277,,,,
,,,MWALE Raphael,Independent,274,,,,
,,,PHIRI Mark L.,APC,237,,,,
,,,,,"9,092",517,"9,609","13,225",
,,,,,,,,,
,CHAMA,039 Chama  North,CHILEMBO Todd S.,MMD,"7,795",,,,
,,,CHIBANGA John,"UPND, FDD, UNIP (UDA)","3,136",,,,
,,,KUMWENDA Windie L.,Independent,"2,317",,,,
,,,MKANDAWIRE Jackson,Heritage,663,,,,
,,,CHISUPA Overson,APC,373,,,,
,,,KHUNGA Fred,PF,333,,,,
,,,,,"14,617",414,"15,031","18,185",
,,,,,,,,,
,,040 Chama South,NKHATA Bornface,MMD,"5,702",,,,
,,,NGULUBE Yotam J.,"UPND, FDD, UNIP (UDA)","5,018",,,,
,,,MAGOLO Rabson,PF,"1,458",,,,
,,,MTONGA Julius,Independent,413,,,,
,,,NG‰ÛªUNI  Chozi A.,APC,230,,,,
,,,CHAKWE Kamulibwe M.,Independent,175,,,,
,,,,,"12,996",304,"13,300","16,011",
,,,,,,,,,
,CHIPATA,041 Chipangali,MWALE Vincent,MMD,"5,782",,,,
,,,PHIRI Lucas,"UPND, FDD, UNIP (UDA)","5,286",,,,
,,,MWANZA  James J.,Independent,"4,788",,,,
,,,BANDA Martha,Heritage,"1,295",,,,
,,,PHIRI Weluzani M.,PF,"1,185",,,,
,,,MAZYOPA Jonathan J.,APC,971,,,,
,,,TEMBO Wilson,Independent,911,,,,
,,,CONSTITUENCY,CANDIDATE‰ÛªS,,,,TOTAL,TOTAL
,PROVINCE,COUNCIL,NO./NAME,,PARTY,VOTES,,VOTES,REGISTERED
,,,,,,REC‰ÛªD,REJECTED,CAST,VOTERS
,,,,,,,,,
,EASTERN,CHIPATA,042 Chipata Central,MANGANI Lameck,MMD,"7,676",,,
,,,,DAKA Kazembe M.,PF,"4,587",,,
,,,,MWALE Mathew W.,"UPND, FDD, UNIP (UDA)","4,203",,,
,,,,PHIRI Kingstone,Independent,"3,275",,,
,,,,MWALE Magdalene,Independent,"2,118",,,
,,,,BANDA Julius K.,Independent,"1,552",,,
,,,,MUSUKWA Joseph,APC,863,,,
,,,,LUNGU Joshua,Independent,416,,,
,,,,,,"24,690",13,"24,703","38,034"
,,,,,,,,,
,,,043 Kasenengwa,TEMBO Verah,MMD,"7,144",,,
,,,,MBEWE Isiaih K.,"UPND, FDD, UNIP (UDA)","6,146",,,
,,,,MAKUKULA Joseph D.,APC,"2,735",,,
,,,,MBEWE Dominic,PF,"1,413",,,
,,,,NGOMA Misheck A.,Independent,"1,130",,,
,,,,NYIRENDA Timothy K.,Independent,875,,,
,,,,SHANZI Burton,Heritage,753,,,
,,,,SONDASHI Mulenga C.,Independent,502,,,
,,,,SAKALA Fredson G.,NDF,289,,,
,,,,,,"20,987",403,"21,390","32,496"
,,,,,,,,,
,,,044 Luangeni,CIFIRE Angela N.,MMD,"6,528",,,
,,,,ZULU Charles M.,PF,"3,400",,,
,,,,JERE Besnat H.,"UPND, FDD, UNIP (UDA)","2,492",,,
,,,,NYIRENDA Leemans L.,Independent,"1,619",,,
,,,,MZYECE Margret F.,Independent,"1,183",,,
,,,,MWALE Greyson P.,Independent,824,,,
,,,,NGWENYA Doris T.,APC,648,,,
,,,,TEMBO Moyo C.,Independent,386,,,
,,,,JERE Peter N.,Heritage,380,,,
,,,,,,"17,460",545,"18,005","24,761"
,,,,,,,,,
,,KATETE,045 Milanzi,NJOBVU Chosani A.,"UPND, FDD, UNIP (UDA)","5,682",,,
,,,,BANDA Rosemary C.,MMD,"4,472",,,
,,,,PHIRI Chimwala T.,Independent,"1,911",,,
,,,,BANDA Emmanuel,APC,"1,259",,,
,,,,MVULA Ezala,PF,529,,,
,,,,,,"13,853",596,"14,449","19,698"
,,,,,,,,,
,,,046 Mkaika,PHIRI David B.,MMD,"6,842",,,
,,,,PHIRI James M.,"UPND, FDD, UNIP (UDA)","4,860",,,
,,,,MWALE George,Independent,"1,786",,,
,,,,BANDA Eneless,PF,"1,174",,,
,,,,PHIRI Eness,Independent,769,,,
,,,,PHIRI Kelvin,Independent,625,,,
,,,,ZULU Henry H.,APC,493,,,
,,,,TEMBO Fredson M.,Heritage,460,,,
,,,,PHIRI Jasiel J.,Independent,444,,,
,,,,PHIRI Joseph A.,PUDD,113,,,
,,,,,"17,566","1,068","18,634","26,815",
,,CONSTITUENCY,CANDIDATE‰ÛªS,,,,TOTAL,TOTAL,
PROVINCE,COUNCIL,NO./NAME,,PARTY,VOTES,,VOTES,REGISTERED,
,,,,,REC‰ÛªD,REJECTED,CAST,VOTERS,
,,,,,,,,,
EASTERN,KATETE,047 Sinda,NGOMA Levy J.,"UPND, FDD, UNIP (UDA)","9,877",,,,
,,,BANDA Zebron,MMD,"5,557",,,,
,,,MWALE Aston M.,PF,534,,,,
,,,PHIRI Flowers,Heritage,471,,,,
,,,MBEWE Joseph G.,Independent,373,,,,
,,,,,"16,812",779,"17,591","24,606",
,,,,,,,,,
,LUNDAZI,048 Chasefu,BANDA Chifumu K.,"UPND, FDD, UNIP (UDA)","13,362",,,,
,,,MOYO Mabvuto H.,MMD,"4,889",,,,
,,,KASARO Anystone J.,PF,"2,176",,,,
,,,NDHLOVU Patson L.,Independent,825,,,,
,,,PHIRI Cynthia H.,Independent,710,,,,
,,,NGWIRA Filtone M.,Heritage,566,,,,
,,,ZIMBA Standson,NDF,384,,,,
,,,,,"22,912",631,"23,543","31,916",
,,,,,,,,,
,,049 Lumezi,BANDA Isaac,MMD,"9,818",,,,
,,,ZULU Dickson S.,"UPND, FDD, UNIP (UDA)","7,161",,,,
,,,PHIRI Peter M.,PF,"2,193",,,,
,,,MBEWE Mary M.,Independent,"1,058",,,,
,,,,,"20,230",527,"20,757","30,193",
,,,,,,,,,
,,050 Lundazi,LUNGU Mkhondo D.,"UPND, FDD, UNIP (UDA)","10,275",,,,
,,,BANDA Frackson,MMD,"9,161",,,,
,,,NYIRENDA Matildah,Independent,"4,212",,,,
,,,MBEWA Daud D.,NDF,"1,210",,,,
,,,NYIRONGO James C.,PF,"1,123",,,,
,,,CHIPETA Chifumu W.,Independent,672,,,,
,,,MTONGA Chrispin W.,RP,442,,,,
,,,MANG‰ÛªANDA Rabson,Independent,369,,,,
,,,,,"27,464",685,"28,149","38,503",
,,,,,,,,,
,NYIMBA,052 Nyimba,TEMBO Forrie R.,MMD,"7,775",,,,
,,,PHIRI Geroge M.,"UPND, FDD, UNIP (UDA)","2,998",,,,
,,,CHIVUNGULA Phillip,Independent,"1,838",,,,
,,,LUNGU Joe,Independent,"1,799",,,,
,,,GRAY Roy,Independent,500,,,,
,,,SAKALA Jackson,PF,490,,,,
,,,SHUMBA Peter C.,ULP,285,,,,
,,,NGWENYAMA Langton,APC,253,,,,
,,,,,"15,938",597,"16,535","24,772",
,,,,,,,,,
,PETAUKE,053 Kapoche,BANDA Nicholas K.,MMD,"9,203",,,,
,,,BANDA Charles R.,"UPND, FDD, UNIP (UDA)","7,920",,,,
,,,MWALE Lawrence,Heritage,"1,203",,,,
,,,TEMBO Elina,PF,723,,,,
,,,,,"19,049",184,"19,233","27,523",
,,,CONSTITUENCY,CANDIDATE‰ÛªS,,,,TOTAL,TOTAL
,PROVINCE,COUNCIL,NO./NAME,,PARTY,VOTES,,VOTES,REGISTERED
,,,,,,REC‰ÛªD,REJECTED,CAST,VOTERS
,EASTERN,PETAUKE,054 Msanzala,DAKA Peter M.,MMD,"5,917",,,
,,,,MUMBA Levison A.,"UPND, FDD, UNIP (UDA)","3,380",,,
,,,,NDIBALI Mirriam M.,Heritage,"2,846",,,
,,,,MALUMBE Peter N.,APC,"1,391",,,
,,,,BANDA Charles,Independent,"1,101",,,
,,,,CHILEMBO Frackson B.,PF,766,,,
,,,,,,"15,401",464,"15,865","23,000"
,,,,,,,,,
,,,055 Petauke,SILIYA Dora,MMD,"13,641",,,
,,,,SAKALA Donald,"UPND, FDD, UNIP (UDA)","2,436",,,
,,,,BANDA Leonard,Heritage,"2,189",,,
,,,,BANDA Ronald,Independent,"1,599",,,
,,,,BANDA Stella V.,Independent,"1,142",,,
,,,,UKWIMI Nicholas K.,PF,649,,,
,,,,TEMBO Mike,Independent,571,,,
,,,,PHIRI Tobias L.,Independent,123,,,
,,,,,,"22,350",802,"23,152","36,069"
,,,,,,,,,
,,MAMBWE,051 Malambo,MWALE Maxwell B.,MMD,"4,838",,,
,,,,KAUNDA Kaweche,"UPND, FDD, UNIP (UDA)","4,399",,,
,,,,CHINGAIPE Annie-Yeta,Independent,"1,446",,,
,,,,BANDA Levies N.,Independent,751,,,
,,,,BANDA Joyce,Independent,651,,,
,,,,LUBILO Rodgers,APC,629,,,
,,,,BANDA Chrispin M.,Independent,459,,,
,,,,PHIRI Peter S.,PUDD,443,,,
,,,,MWALE Alice,PF,403,,,
,,,,ZIMBA George,NGP,394,,,
,,,,KALOMBA Richard,Heritage,169,,,
,,,,,,"14,582",569,"15,151","21,892"
,,,,,,,,,
,LUAPULA,KAWAMBWA,056 Kawambwa,CHITIKA Elizabeth K.,PF,"4,445",,,
,,,,KAPATAMOYO Chama M.,Independent,"3,260",,,
,,,,KABWE Chongo,MMD,"1,607",,,
,,,,MAMBWE George,Independent,"1,464",,,
,,,,KALUMBA Samuel,NDF,214,,,
,,,,MUTALE Moses,"UPND, FDD, UNIP (UDA)",112,,,
,,,,,,"11,102",10,"11,112","15,549"
,,,,,,,,,
,,,057 Mwansabombwe,CHITONGE Samuel,PF,"6,818",,,
,,,,MUBANGA Maybin M,MMD,"2,405",,,
,,,,DIURU Paul,NDF,281,,,
,,,,KONSOLO Kalumba,Independent,252,,,
,,,,CHISHIMIKWA Elalio C.,"UPND, FDD, UNIP (UDA)",191,,,
,,,,,,"9,947",259,"10,206","14,609"
,,,,,,,,,
,,,,,,,,,
,,,058 Pambashe,CHISHYA Bernard E.,PF,"3,510",,,
,,,,MPASA Ivo,MMD,"3,114",,,
,,,,MUSONDA Mathews,NDF,693,,,
,,,,,"7,317",141,"7,458","10,103",
,,,CONSTITUENCY,CANDIDATE‰ÛªS,,,,TOTAL,TOTAL
,PROVINCE,COUNCIL,NO./NAME,,PARTY,VOTES,,VOTES,REGISTERED
,,,,,,REC‰ÛªD,REJECTED,CAST,VOTERS
,LUAPULA,MANSA,059 Bahati,CHIMBAKA  Besa E.,PF,"7,682",,,
,,,,CHUNGU Emmanuel K.,MMD,"4,318",,,
,,,,BWEUPE Francis K.,Independent,"1,412",,,
,,,,MAMBWE James G.,"UPND, FDD, UNIP (UDA)",514,,,
,,,,,,"13,926",485,"14,411","22,865"
,,,,,,,,,
,,,061 Mansa Central,MUSOSHA Chrispine M.,MMD,"15,285",,,
,,,,KABWITA James,PF,"9,529",,,
,,,,MUSOMA Morgan M.,NDF,"1,765",,,
,,,,MUSUNTE Mwansa,"UPND, FDD, UNIP (UDA)","1,115",,,
,,,,,,"27,694",495,"28,189","41,968"
,,,,,,,,,
,,MILENGE,060 Chembe,MBULAKULIMA Mwansa,MMD,"4,115",,,
,,,,SAKA Allan G.,PF,"1,885",,,
,,,,MUSUMALI Regina M.,"UPND, FDD, UNIP (UDA)",913,,,
,,,,,,"6,913",55,"6,968","11,814"
,,,,,,,,,
,,MWENSE,062 Chipili,MWILA Davies,PF,"4,337",,,
,,,,MFULA Jason,MMD,"2,408",,,
,,,,MWAPE Joyce,Independent,699,,,
,,,,KABASO Ronald P.,Independent,363,,,
,,,,KAYAMBA Chikaya M.,"UPND, FDD, UNIP (UDA)",143,,,
,,,,CHIBWE Joseph M.,Independent,49,,,
,,,,MWEWA Enock,Independent,48,,,
,,,,,,"8,047",188,"8,235","10,881"
,,,,,,,,,
,,,,,,,,,
,,,063 Mambilima,CHINYANTA John M.,MMD,"3,582",,,
,,,,CHIBALE Sophie,PF,"1,880",,,
,,,,MOBA Chama,"UPND, FDD, UNIP (UDA)","1,360",,,
,,,,KALIFUNGWA Patrick K.,Independent,943,,,
,,,,CHILESHE Matildah M.,Independent,507,,,
,,,,KAOMA Alfred,APC,221,,,
,,,,LYOBA Victoria C.,NDF,141,,,
,,,,,,"8,634",187,"8,821","12,028"
,,,,,,,,,
,,,064 Mwense,CHONGO Jacob B.,PF,"5,585",,,
,,,,KAPAPULA Booker C.,MMD,"3,517",,,
,,,,KATEKA Victor,NDF,"1,281",,,
,,,,MULENGA Grace C.,"UPND, FDD, UNIP (UDA)",780,,,
,,,,KASONKOMONA Fridah,PUDD,733,,,
,,,,CHAMA Josephine,ULP,274,,,
,,,,,,"12,170",271,"12,441","19,456"
,,,,,,,,,
,,CHIENGI,065 Chiengi,KALUMBA Katele Dr.,MMD,"11,337",,,
,,,,MPAMPI Cosmas M.,PF,"6,593",,,
,,,,,,"17,930",381,"18,311","37,470"
,,,,,,,,,
,,CONSTITUENCY,CANDIDATE‰ÛªS,,,,TOTAL,TOTAL,
PROVINCE,COUNCIL,NO./NAME,,PARTY,VOTES,,VOTES,REGISTERED,
,,,,,REC‰ÛªD,REJECTED,CAST,VOTERS,
LUAPULA,NCHELENGE,066 Nchelenge,MWILA Benjamin,NDF,"8,191",,,,
,,,MULENGA Diana,MMD,"7,965",,,,
,,,CHIPAMPE Rosemary,PF,"7,152",,,,
,,,MUKANGA Kainga,"UPND, FDD, UNIP (UDA)",662,,,,
,,,,,"23,970",540,"24,510","45,650",
,,,,,,,,,
,SAMFYA,067 Bangweulu,KASONGO Joseph C.,PF,"11,819",,,,
,,,MWAMFULI Peter L.,MMD,"4,924",,,,
,,,KASANDWE Anthony,"UPND, FDD, UNIP (UDA)","3,880",,,,
,,,PULE Daniel M.,NDF,2075,,,,
,,,KASONGO Eric W.,Heritage,345,,,,
,,,,,"23,043",693,"23,736","33,494",
,,,,,,,,,
,,068 Chifunabuli,MWANSA Ernest C.,PF,"6,392",,,,
,,,SAKENI Kennedy M.,MMD,"6,263",,,,
,,,CHILUBA Theresa,Independent,"4,268",,,,
,,,KAMWENDA Innocent,"UPND, FDD, UNIP (UDA)",370,,,,
,,,MULENGA Charles,NDF,276,,,,
,,,MWEWA Chrispin C.,Heritage,272,,,,
,,,,,"17,841",665,"18,506","27,346",
,,,,,,,,,
,,069 Luapula,MACHUNGWA Peter D.,PF,"4,625",,,,
,,,CHISALA Daniel L.,MMD,"2,424",,,,
,,,,,"7,049",222,"7,271","9,334",
,,,,,,,,,
LUSAKA,CHONGWE,073 Chongwe,MASEBO Sylvia T.,MMD,"16,104",,,,
,,,KASHINAMILUNDA Kennedy,"UPND, FDD, UNIP (UDA)","5,120",,,,
,,,ATANGA Kalonga B.,PF,"4,618",,,,
,,,CHULU Osward,Independent,"1,160",,,,
,,,CHIKONDE Michael C.,APC,486,,,,
,,,,,"27,488",773,"28,261","40,342",
,,,,,,,,,
,,,,,,,,,
,,074 Rufunsa,CHIPUNGU Kenneth,MMD,"6,458",,,,
,,,KAYABA Damiah,"UPND, FDD, UNIP (UDA)","1,497",,,,
,,,NGULUBE Jonas,Independent,963,,,,
,,,NGOMA Scholastica Lt. Col.,PF,847,,,,
,,,NKHALAMO Phini,NDF,192,,,,
,,,,,"9,957",280,"10,237","14,921",
,,,,,,,,,
,,,,,,,,,
,,CONSTITUENCY,CANDIDATE‰ÛªS,,,,TOTAL,TOTAL,
PROVINCE,COUNCIL,NO./NAME,,PARTY,VOTES,,VOTES,REGISTERED,
,,,,,REC‰ÛªD,REJECTED,CAST,VOTERS,
LUSAKA,KAFUE,070 Kafue,MACHILA Bradford,MMD,"11,004",,,,
,,,MOONGA Beatrice,"UPND, FDD, UNIP (UDA)","8,811",,,,
,,,KAPEMBWA Dennis,PF,"4,353",,,,
,,,MWIINGA Enock,Independent,515,,,,
,,,SICHONE Langtone,NDF,457,,,,
,,,MHANGO Herbert,Heritage,214,,,,
,,,,,"25,354",360,"25,714","36,133",
,,,,,,,,,
,,072 Chilanga,MAGANDE Ng‰Ûªandu P.,MMD,"6,485",,,,
,,,MOONO Cosmas C.,"UPND, FDD, UNIP (UDA)","6,070",,,,
,,,KAMANGA Priscilla,PF,"4,428",,,,
,,,MUYOBA Henry N. Lt. Col.,Independent,792,,,,
,,,ZIBA John Z.,RP,307,,,,
,,,,,"18,082",350,"18,432","26,618",
,,,,,,,,,
,LUANGWA,071 Feira,SHAWA Charles J.,MMD,"3,461",,,,
,,,CHIBANDA-MUMBA Stella,PF,"1,962",,,,
,,,KANYAMA Charles,"UPND, FDD, UNIP (UDA)","1,302",,,,
,,,,,"6,725",107,"6,832","8,718",
,,,,,,,,,
,LUSAKA,075 Chawama,SAMPA-BREDT Violet M. Rev.,PF,"17,297",,,,
,,,KAPUMBA Jane,"UPND, FDD, UNIP (UDA)",8939,,,,
,,,MUSONDA Humphery,MMD,7233,,,,
,,,CHILUFYA Beatrice,RP,3183,,,,
,,,MILINGA Freddy M.,ULP,2109,,,,
,,,MUUNDA Morgan,Independent,1149,,,,
,,,MONTEIRO Ann,Independent,1138,,,,
,,,SIMPEMBA Peter,ZCP,475,,,,
,,,,,"41,523",480,"42,003","57,833",
,,,,,,,,,
,,076 Kabwata,LUBINDA Given,PF,"23,419",,,,
,,,MWAMBA Geoffrey B.,MMD,"8,131",,,,
,,,BANDA Rowlence N.,"UPND, FDD, UNIP (UDA)","6,058",,,,
,,,PHIRI Raymond,Heritage,"1,581",,,,
,,,,,"39,189",713,"39,902","55,799",
,,,,,,,,,
,,077 Kanyama,MTONGA Henry J. C.,PF,"17,731",,,,
,,,MUKUPA Harrison M.,"UPND, FDD, UNIP (UDA)","14,467",,,,
,,,WINA Princess N.,MMD,"9,658",,,,
,,,MWALE Godfrey J.,APC,"1,048",,,,
,,,MWEWA Chushi C.,NGP,684,,,,
,,,,,"43,588","1,543","45,131","66,984",
,,,,,,,,,
,,,CONSTITUENCY,CANDIDATE‰ÛªS,,,,TOTAL,TOTAL
,PROVINCE,COUNCIL,NO./NAME,,PARTY,VOTES,,VOTES,REGISTERED
,,,,,,REC‰ÛªD,REJECTED,CAST,VOTERS
,LUSAKA,LUSAKA,078 Lusaka Central,SCOTT Guy  L.,PF,"18,729",,,
,,,,SIPALO Ngenda A.,"UPND, FDD, UNIP (UDA)","5,987",,,
,,,,ZIMBA Rose C.,MMD,"5,562",,,
,,,,LUNGU Muhabi M.,Independent,"2,782",,,
,,,,MWANDU Mable N.,Heritage,796,,,
,,,,SAKALA Edwin,DDM,271,,,
,,,,MWICHE Harrison C.,Independent,252,,,
,,,,LOMBE Beauty S.,NDF,241,,,
,,,,MALAMBO Maurice H.,Independent,209,,,
,,,,MUMBA Cozmo C.  Dr.,NGP,181,,,
,,,,BANDA Bentry,Independent,167,,,
,,,,LUKUKU James K.,Independent,102,,,
,,,,,,"35,279",464,"35,743","48,048"
,,,,,,,,,
,,,079 Mandevu,KAPATA Jean,PF,"23,635",,,
,,,,MWANZA Ricky L.,MMD,"11,211",,,
,,,,NAWA Patricia,Independent,"9,973",,,
,,,,MULENGA John,"UPND, FDD, UNIP (UDA)","7,024",,,
,,,,BOTHA Joseph,Independent,"3,246",,,
,,,,BANDA Patrick T.,Independent,"1,452",,,
,,,,MWALE Benedict M.,Heritage,792,,,
,,,,,,"57,333","1,404","58,737","82,600"
,,,,,,,,,
,,,080 Matero,BWALYA Faustina S.,PF,"26,512",,,
,,,,MULUBWA Goodward,MMD,"16,121",,,
,,,,MARABESA Muchafara,"UPND, FDD, UNIP (UDA)","5,322",,,
,,,,NYIRENDA Guess,Independent,"2,741",,,
,,,,KATAKALA Kunda A.,Independent,427,,,
,,,,,,"51,123",974,"52,097","73,303"
,,,,,,,,,
,,,081 Munali,MUMBI Chilufya J.,PF,"23,520",,,
,,,,CHEWE Austin C.,MMD,"22,413",,,
,,,,TEMBO Emmanuel,"UPND, FDD, UNIP (UDA)","8,769",,,
,,,,LAMBA Kapembwa,Heritage,"3,317",,,
,,,,NAWA Stephen L.,ULP,"2,641",,,
,,,,,,"60,660",1107,"61,767","81,255"
,,,,,,,,,
,,CONSTITUENCY,CANDIDATE‰ÛªS,,,,TOTAL,TOTAL,
PROVINCE,COUNCIL,NO./NAME,,PARTY,VOTES,,VOTES,REGISTERED,
,,,,,REC‰ÛªD,REJECTED,CAST,VOTERS,
NORTHERN,CHILUBI,082 Chilubi,CHISALA Obius C.,PF,"7,431",,,,
,,,CHISUPA Chola J.,MMD,"5,851",,,,
,,,FUBE Mulenga F.,Independent,"4,152",,,,
,,,PANDE Francis M.,"UPND, FDD, UNIP (UDA)","1,807",,,,
,,,,,"19,241",508,"19,749","27,957",
,,,,,,,,,
,,083 Chinsali,MULENGA Christopher,PF,"7,287",,,,
,,,MUTALE Thomas,MMD,"6,920",,,,
,,,MUKOSA George C.,NDF,"1,697",,,,
,,,MFULA Katongo R.,"UPND, FDD, UNIP (UDA)",501,,,,
,,,,,"16,405",521,"16,926","24,462",
,,,,,,,,,
,CHINSALI,084 Shiwang‰Ûªandu,CHIBAMBA Kapolyo C.,PF,"6,890",,,,
,,,RUMSEY Angelica M.,MMD,"4,022",,,,
,,,KASHIWA Albert,NDF,734,,,,
,,,MUTALE Samuel,APC,189,,,,
,,,,,"11,835",352,"12,187","17,057",
,,,,,,,,,
,,,,,,,,,
,ISOKA,085 Isoka East,NAMUGALA Catherine,MMD,"10,791",,,,
,,,KAIRA Mike A.,"UPND, FDD, UNIP (UDA)","1,052",,,,
,,,GONDWE Brelsford J.,ULP,916,,,,
,,,MBAMBARA Anold N.,PF,445,,,,
,,,,,"13,204",195,"13,399","16,229",
,,,,,,,,,
,,086 Isoka West,SICHAMBA Paul,MMD,"6,730",,,,
,,,SIKOMBE Wamusuwila  B.,"UPND, FDD, UNIP (UDA)","2,642",,,,
,,,SICHINGA Robert K.,PF,"2,199",,,,
,,,SINKAMBA Changala J.,NDF,426,,,,
,,,MWANDIA Anock L.,Independent,278,,,,
,,,CONSTITUENCY,CANDIDATE‰ÛªS,,,,TOTAL,TOTAL
,PROVINCE,COUNCIL,NO./NAME,,PARTY,VOTES,,VOTES,REGISTERED
,,,,,,REC‰ÛªD,REJECTED,CAST,VOTERS
,,,,,,,,,
,NORTHERN,KAPUTA,088 Chimbamilonga,SIKAZWE Brian,MMD,"3,452",,,
,,,,KABUTA Gilbert C.,PF,"2,845",,,
,,,,CHISHIMBA Yona S.,"UPND, FDD, UNIP (UDA)","2,673",,,
,,,,SAKALANI Bishop C.,Independent,"1,389",,,
,,,,,,"10,359",181,"10,540","15,353"
,,,,,,,,,
,,,089 Kaputa,NALUMANGO Mutale W.,MMD,"5,167",,,
,,,,BWEUPE Maxas J.,PF,"3,651",,,
,,,,CHISHIPULA Willy M.,"UPND, FDD, UNIP (UDA)","3,261",,,
,,,,,,"12,079",252,"12,331","17,292"
,,,,,,,,,
,,KASAMA,090 Kasama Central,CHISHIMBA Saviour,PF,"12,201",,,
,,,,KACHINGWE Richard,MMD,"6,853",,,
,,,,HAMIR Mohamed A.,Independent,"3,844",,,
,,,,CHANSA Alexander P.,"UPND, FDD, UNIP (UDA)",889,,,
,,,,CHOMBA Grace C.,APC,455,,,
,,,,CHOTA Mark,NDF,333,,,
,,,,,,"24,575",543,"25,118","34,450"
,,,,,,,,,
,,,091 Lukashya,MWAMBA Alfreda C.,PF,"12,422",,,
,,,,KATOLOSHI Augustine M.,MMD,"9,228",,,
,,,,MWILA Patrick T,"UPND, FDD, UNIP (UDA)",622,,,
,,,,MULENGA Joseph M.,Heritage,540,,,
,,,,MUTALE Morgan,APC,402,,,
,,,,,,"23,214",651,"23,865","33,438"
,,,,,,,,,
,,LUWINGU,093 Lubansenshi,CHOTA Lazarous H.,PF,"5,948",,,
,,,,MULENGA Andrew,MMD,"4,566",,,
,,,,MUPINDE Freviah,Independent,"1,149",,,
,,,,MULINDWA Paul M.,"UPND, FDD, UNIP (UDA)",686,,,
,,,,,,"12,349",314,"12,663","15,649"
,,,,,,,,,
,,,094 Lupososhi,CHALATA Medardo,Independent,postponed to 26.10.06 due,,,
,,,,CHALI John M.,Independent,o death of Mweni,,,
,,,,KAFWIMBI Benson J.,Independent,Elpidius,,,
,,,,KANSUMBA Sylvester,NDF,,,,
,,,,MULONGA Albert,MMD,,,,
,,,,MUSONDA Emmanuel M. M.,PF,,,,
,,,,NKANDU Innocent C.,"UPND, FDD, UNIP (UDA)",,,,
,,,,MWENI Elpidius,RP,,,,"19,230"
,,,CONSTITUENCY,CANDIDATE‰ÛªS,,,,TOTAL,TOTAL
,PROVINCE,COUNCIL,NO./NAME,,PARTY,VOTES,,VOTES,REGISTERED
,,,,,,REC‰ÛªD,REJECTED,CAST,VOTERS
,,,,,,,,,
,NORTHERN,MPOROKOSO,101 Lunte,MUTATI Felix C.,MMD,"7,360",,,
,,,,NONDE Bornface,PF,"4,648",,,
,,,,SIMBAO Kennedy,NDF,375,,,
,,,,CHILESHE Paul,RP,197,,,
,,,,,,"12,580",284,"12,864","16,709"
,,,,,,,,,
,,,102 Mporokoso,MISAPA Maynard J.,MMD,"3,827",,,
,,,,MUSONDA Mulenga W.,"UPND, FDD, UNIP (UDA)","2,340",,,
,,,,MAKUMBA Abraham,PF,"2,268",,,
,,,,NSAMA Job,APC,143,,,
,,,,,,"8,578",253,"8,831","12,120"
,,,,,,,,,
,,NAKONDE,087 Nakonde,SILAVWE Maka M.,MMD,"11,935",,,
,,,,SICHULA Able,PF,"5,295",,,
,,,,SIMOVWE Michael,"UPND, FDD, UNIP (UDA)",950,,,
,,,,SINKALA Stanley S.,Heritage,278,,,
,,,,,,"6,523",752,"7,275","26,295"
,,,,,,,,,
,,MUNGWI,092 Malole,MUNAILE Emmanuel M.,Independent,"6,660",,,
,,,,MUTALE Matildah M.,PF,"6,576",,,
,,,,MUKUKA Sebio,MMD,"5,807",,,
,,,,MUTALE Georgina C.,Independent,"3,502",,,
,,,,MWICHE Lazarous M.,Independent,"2,781",,,
,,,,BWALYA William M.,Independent,"1,438",,,
,,,,CHILESHE Charity P.,"UPND, FDD, UNIP (UDA)",811,,,
,,,,NKOLE Frentino,APC,425,,,
,,,,,,"28,000",832,"28,832","39,988"
,,,,,,,,,
,,MPULUNGU,096 Mpulungu,CHIBOMBAMILIMO Lameck K.,MMD,"14,617",,,
,,,,CHILESHE Dominic,"UPND, FDD, UNIP (UDA)","1,323",,,
,,,,SIULAPWA Collins C.,PF,869,,,
,,,,NANYANGWE Joyce,APC,467,,,
,,,,,,"17,276",381,"17,657","25,713"
,,,,,,,,,
,NORTH-WESTERN,KABOMPO,104 Kabompo East,CHIKWENDA Jacob,Heritage,postponed to 26.10.06 due,,,
,,,,MUNENU Jonathan,MMD,to death of,,,
,,,SEKESEKE Masela D.,"UPND, FDD, UNIP (UDA)",unenu Jonathan,,"16,148",,
,,,CONSTITUENCY,CANDIDATE‰ÛªS,,,,TOTAL,TOTAL
,PROVINCE,COUNCIL,NO./NAME,,PARTY,VOTES,,VOTES,REGISTERED
,,,,,,REC‰ÛªD,REJECTED,CAST,VOTERS
,,,,,,,,,
,NORTH-WESTERN,,,,,,,,
,,KABOMPO,105 Kabompo West,KALENGA Daniel,MMD,"6,327",,,
,,,,KAVINDELE Enoch P.,Independent,"4,305",,,
,,,,ZAMA Moses K.,"UPND, FDD, UNIP (UDA)","1,275",,,
,,,,,,"11,907",302,"12,209","16,250"
,,,,,,,,,
,,KASEMPA,106 Kasempa,PANDE Kabinga  J.,MMD,"11,877",,,
,,,,BWEUPE John,"UPND, FDD, UNIP (UDA)","1,625",,,
,,,,,,"13,502",380,"13,882","21,310"
,,,,,,,,,
,,MUFUMBWE,107 Mufumbwe,BONSHE Meshack N.,MMD,"6,457",,,
,,,,KAMONDO Eliot,Independent,"6,393",,,
,,,,MUSHALA Bert M.,"UPND, FDD, UNIP (UDA)","1,519",,,
,,,,,,"14,369",380,"14,749","19,641"
,,,,,,,,,
,,MWINILUNGA,108 Mwinilunga East,KATUKA Stephen,"UPND, FDD, UNIP (UDA)","10,706",,,
,,,,KATOKA James,MMD,"10,358",,,
,,,,MUSHIDIKA Benard,APC,"1,057",,,
,,,,,,"22,121",684,"22,805","28,376"
,,,,,,,,,
,,,109 Mwinilunga West,MUCHIMA Elijah,MMD,"12,065",,,
,,,,KAPITA Richard M.,"UPND, FDD, UNIP (UDA)","5,612",,,
,,,,KABEBI Tobby B.,APC,746,,,
,,,,,,"18,423",494,"18,917","23,516"
,,,,,,,,,
,,SOLWEZI,110 Solwezi Central,TETAMASHIMBA Benny,MMD,"10,459",,,
,,,,LUMBA Watson,"UPND, FDD, UNIP (UDA)","6,045",,,
,,,,KATUKA Yobe P.,Independent,"3,013",,,
,,,,KANYAKULA Dennis,Independent,"1,112",,,
,,,,KASEMA Abel,NDF,"1,079",,,
,,,,CHAULEMBI John M.,APC,499,,,
,,,,,,"22,207","1,016","23,223","34,640"
,,,,,,,,,
,,,111 Solwezi East,TAIMA Richard,MMD,"5,049",,,
,,,,KANGWA Patrick H.,"UPND, FDD, UNIP (UDA)","3,216",,,
,,,,,,"8,265",224,"8,489","16,010"
,,,,,,,,,
,,,CONSTITUENCY,CANDIDATE‰ÛªS,,,,TOTAL,TOTAL
,PROVINCE,COUNCIL,NO./NAME,,PARTY,VOTES,,VOTES,REGISTERED
,,,,,,REC‰ÛªD,REJECTED,CAST,VOTERS
,NORTH-WESTERN,,112 Solwezi West,MWANZA Humphrey I.,MMD,"9,024",,,
,,,,SHEMENA Logan,"UPND, FDD, UNIP (UDA)","4,008",,,
,,,,CHIPAWA Nelson M.,Independent,"2,071",,,
,,,,SAWANDA Geoffrey,Independent,681,,,
,,,,CHAULEMBI Nicholas,APC,544,,,
,,,,,,"16,328","1,025","17,353","24,204"
,,,,,,,,,
,,ZAMBEZI,113 Zambezi East,SAYIFWANDA Sarah,MMD,"6,637",,,
,,,,KANDEPU Rosemary Y.,"UPND, FDD, UNIP (UDA)","5,208",,,
,,,,MUKWAKWA Maxwell,Independent,"3,473",,,
,,,,,,"15,318",176,"15,494","20,931"
,,,,,,,,,
,,,114   Zambezi West,KAKOMA Charles,"UPND, FDD, UNIP (UDA)","2,717",,,
,,,,KUCHEKA Prisca C.,Independent,"2,059",,,
,,,,KAMBANGU Samuel S.,MMD,"1,348",,,
,,,,,,"6,124",148,"6,272","9,362"
,,,,,,,,,
,,CHAVUMA,103 Chavuma,KONGA Kenneth,MMD,"8,096",,,
,,,,CHITANGA Kakoma S.,"UPND, FDD, UNIP (UDA)","3,150",,,
,,,,MBAULU Bickson H.,PF,123,,,
,,,,,,"11,369",76,"11,445","14,267"
,,,,,,,,,
,SOUTHERN,CHOMA,115 Choma Central,CHAZANGWE George,"UPND, FDD, UNIP (UDA)","21,280",,,
,,,,MUNSAKA Mostern S.,MMD,"3,833",,,
,,,,ZALOUMIS Jack,Independent,"2,656",,,
,,,,MUJUDA Joseph,NDF,"1,187",,,
,,,,CHILUFYA Felix,PF,965,,,
,,,,,,"29,921",844,"30,765","40,655"
,,,,,,,,,
,,,116 Mbabala,HACHIPUKA Emmanuel M.,"UPND, FDD, UNIP (UDA)","9,427",,,
,,,,MUBAMBASU Choolwe G.,MMD,"3,617",,,
,,,,MUYAMBA Darius H.,Independent,"1,083",,,
,,,,MUTETEETE Kebby,Independent,929,,,
,,,,NYANGA George,Independent,385,,,
,,,,MWELA Timtamande,Independent,378,,,
,,,,,"15,819",360,"16,179","20,066",
,,CONSTITUENCY,CANDIDATE‰ÛªS,,,,TOTAL,TOTAL,
PROVINCE,COUNCIL,NO./NAME,,PARTY,VOTES,,VOTES,REGISTERED,
,,,,,REC‰ÛªD,REJECTED,CAST,VOTERS,
,,,,,,,,,
SOUTHERN,CHOMA,117 Pemba,MATONGO David,"UPND, FDD, UNIP (UDA)","12,148",,,,
,,,LWEENDO Samuel S.,MMD,"3,640",,,,
,,,,,"15,788",419,"16,207","19,889",
,,,,,,,,,
,GWEMBE,118 Gwembe,NTUNDU Brian M.,"UPND, FDD, UNIP (UDA)","12,191",,,,
,,,HANTIMBA Jameson M.,MMD,"2,698",,,,
,,,,,"14,889",293,"15,182","18,431",
,,,,,,,,,
,KALOMO,119 Dundumwezi,SINGOMBE Edgar M.,Independent,"6,324",,,,
,,,MUDENDA Emmerson M.,"UPND, FDD, UNIP (UDA)","5,451",,,,
,,,CHIBAMBULA Gilbert M.,MMD,"1,849",,,,
,,,SIKATULU Munsaka P.,Independent,695,,,,
,,,MOONGA Clement,Independent,595,,,,
,,,,,"14,914",651,"15,565","21,994",
,,,,,,,,,
,,120 Kalomo Central,MUNTANGA Request,"UPND, FDD, UNIP (UDA)","12,666",,,,
,,,KAMBONI Harry K.,Independent,"6,863",,,,
,,,MUZYAMBA Solomon C.,MMD,"3,865",,,,
,,,,,"23,394",729,"24,123","31,334",
,,,,,,,,,
,,122 Mapatizya,SEJANI Ackson,"UPND, FDD, UNIP (UDA)","11,165",,,,
,,,SIAMWEELA Emmanuel M.,MMD,"5,413",,,,
,,,SIALUMBA Pauline M.,Independent,919,,,,
,,,SIMWATACHELA Sikalele,APC,470,,,,
,,,,,"17,967",751,"18,718","22,211",
,,CONSTITUENCY,CANDIDATE‰ÛªS,,,,TOTAL,TOTAL,
PROVINCE,COUNCIL,NO./NAME,,PARTY,VOTES,,VOTES,REGISTERED,
,,,,,REC‰ÛªD,REJECTED,CAST,VOTERS,
,,,,,,,,,
SOUTHERN,KAZUNGULA,121 Katombola,MUSOKOTWANE Regina,"UPND, FDD, UNIP (UDA)","11,952",,,,
,,,MUSANDA Mathew,MMD,"8,134",,,,
,,,MUKUWA Chrispin,Independent,"2,530",,,,
,,,MWAMPOLE Brighton K,Independent,"1,687",,,,
,,,SHAMPILE Fielder,ULP,432,,,,
,,,MUYABALO Godfrey J.,PF,283,,,,
,,,,,"25,018",752,"25,770","34,538",
,,,,,,,,,
,LIVINGSTONE,123 Livingstone,SIKOTA Sakwiba,ULP,"16,090",,,,
,,,MUHYILA Mutinta,"UPND, FDD, UNIP (UDA)","11,291",,,,
,,,SIMANGO Alice M.,MMD,"8,680",,,,
,,,,,"36,061",474,"36,535","49,089",
,,,,,,,,,
,MAZABUKA,124 Chikankata,HABEENZU Munji,"UPND, FDD, UNIP (UDA)","10,722",,,,
,,,CHOONGO Oast J. C.,MMD,"2,422",,,,
,,,NANCHENGWA Monica M.,Independent,"1,363",,,,
,,,CHISAPI Gibson,PF,"1,202",,,,
,,,,,"15,709",263,"15,972","23,140",
,,,,,,,,,
,,125 Magoye,MWEEMBA Bennie,"UPND, FDD, UNIP (UDA)","7,039",,,,
,,,MACHILA Emmerson,MMD,"3,807",,,,
,,,NG‰ÛªANDU Joshua H.,Independent,"3,283",,,,
,,,MANYONI Felix,PF,347,,,,
,,,,,"14,476",354,"14,830","19,708",
,,,,,,,,,
,,126 Mazabuka Central,NKOMBO Gary,"UPND, FDD, UNIP (UDA)","13,225",,,,
,,,DAWOODJEE Mohammed,Independent,"5,824",,,,
,,,SUMBWA Justino,MMD,"4,651",,,,
,,,ZULU Donald,PF,989,,,,
,,,,,"24,689",333,"25,022","34,793",
,,,,,,,,,
,MONZE,127 Bweengwa,HAMUDUDU Highvie H.,"UPND, FDD, UNIP (UDA)","10,744",,,,
,,,SIKALUNDU David,MMD,"1,368",,,,
,,,,,"12,112",159,"12,271","15,851",
,,,,,,,,,
,,128 Monze Central,MWIIMBU Jack J.,"UPND, FDD, UNIP (UDA)","18,296",,,,
,,,HAMAAMBA Tyson,MMD,"4,899",,,,
,,,,,"23,195",505,"23,700","30,971",
,,,,,,,,,
,,129 Moomba,MOOYA Vitalis M.,"UPND, FDD, UNIP (UDA)","6,323",,,,
,,,KANTEMBA Mary N.,MMD,"1,709",,,,
,,,MOONGA Maurice H.,PF,173,,,,
,,,,,"8,205",202,"8,407","10,735",
,,,,,,,,,
,,,CONSTITUENCY,CANDIDATE‰ÛªS,,,,TOTAL,TOTAL
,PROVINCE,COUNCIL,NO./NAME,,PARTY,VOTES,,VOTES,REGISTERED
,,,,,,REC‰ÛªD,REJECTED,CAST,VOTERS
,,,,,,,,,
,SOUTHERN,ITEZHI-TEZHI,130 Itezhi-Tezhi,BEENE Godfrey M.,"UPND, FDD, UNIP (UDA)","7,614",,,
,,,,KAANDE Godfrey J. S.,MMD,"5,292",,,
,,,,SAKAUMBA Kenneth,Independent,372,,,
,,,,CHIBULAMUKOWA Fraser,PF,270,,,
,,,,,,"13,548",284,"13,832","21,076"
,,,,,,,,,
,,NAMWALA,131 Namwala,CHIZHYUKA Robbie M.,"UPND, FDD, UNIP (UDA)","14,466",,,
,,,,DIANGAMO David,MMD,"4,558",,,
,,,,,,"19,024",242,"19,266","26,884"
,,,,,,,,,
,,SIAVONGA,132 Siavonga,SYAKALIMA Douglas M.,"UPND, FDD, UNIP (UDA)","10,451",,,
,,,,HAMUDULU Kennedy,Independent,"4,958",,,
,,,,SIMAMBA Costain,MMD,"4,285",,,
,,,,MANJAWANTHU Ephraim M.,PF,968,,,
,,,,CHAATILA Christopher J.,Independent,572,,,
,,,,,,"21,234",822,"22,056","27,962"
,,,,,,,,,
,,SINAZONGWE,133 Sinazongwe,MUYANDA Raphael,"UPND, FDD, UNIP (UDA)","10,509",,,
,,,,SIAMUNENE Richwell,Independent,"8,484",,,
,,,,SINDAZA Dodo A.,MMD,"6,223",,,
,,,,,,"25,216","1,457","26,673","34,230"
,,,,,,,,,
,WESTERN,KALABO,134  Kalabo Central,MWAPELA Sikwibele R.,MMD,"8,259",,,
,,,,MIYUTU Chinga,Independent,"2,905",,,
,,,,KAKOMA Queen V.,"UPND, FDD, UNIP (UDA)","2,646",,,
,,,,NYAMBE Inambao,ULP,519,,,
,,,,SIMONGA Musiyalike,Independent,427,,,
,,,,MOOTO Kalowa,Independent,102,,,
,,,,WAKUMELO Mubita,APC,76,,,
,,,,NYAMBE LIEMISA,NDF,75,,,
,,,CONSTITUENCY,CANDIDATE‰ÛªS,,,,TOTAL,TOTAL
,PROVINCE,COUNCIL,NO./NAME,,PARTY,VOTES,,VOTES,REGISTERED
,,,,,,REC‰ÛªD,REJECTED,CAST,VOTERS
,,,,,,,,,
,WESTERN,KALABO,135 Liuwa,KASHWEKA Maliwa D.,MMD,"4,088",,,
,,,,IMIKENDU Nabiwa,Independent,"1,985",,,
,,,,IMASIKU Mutangelwa,"UPND, FDD, UNIP (UDA)",588,,,
,,,,WAMULUME Bataba M.,ULP,478,,,
,,,,KWALEYELA Libi F.,Independent,106,,,
,,,,LIEMISA Liemisa L.,NDF,59,,,
,,,,KAMWENGO Kamuti,APC,57,,,
,,,,,,"7,361",185,"7,546","10,325"
,,,,,,,,,
,,,136 Sikongo,NDALAMEI Mundia,MMD,"6,680",,,
,,,,MWALYE Henry I.,"UPND, FDD, UNIP (UDA)","2,004",,,
,,,,SAMUTUMWA Nyambe R.,Independent,635,,,
,,,,NASILELE Lubinda,ULP,265,,,
,,,,,,"9,584",579,"10,163","15,488"
,,,,,,,,,
,,KAOMA,137 Kaoma Central,LIATO Austin C.,MMD,"7,246",,,
,,,,KALEKA Maseka E.,ULP,"5,546",,,
,,,,SHUMINA Chrispin M.,"UPND, FDD, UNIP (UDA)","2,149",,,
,,,,MUKAMBA Lubasi R.,Independent,"1,058",,,
,,,,,,"15,999",344,"16,343","27,598"
,,,,,,,,,
,,,138 Luampa,LIMATA Mwiya J.,UPND,"6,169",,,
,,,,MANJATA Mashata S.,MMD,"5,363",,,
,,,,WAMPATA Joel,ULP,221,,,
,,,,,,"11,753",669,"12,422","17,306"
,,,,,,,,,
,,,139 Mangango,AKAKANDELWA Mwendoi,MMD,"4,699",,,
,,,,TAUNDI Robert C.,Independent,"2,340",,,
,,,,MULUBISHA Webby,"UPND, FDD, UNIP (UDA)","1,897",,,
,,,,CHINGUMBE Janet C.,Independent,271,,,
,,,CONSTITUENCY,CANDIDATE‰ÛªS,,,,TOTAL,TOTAL
,PROVINCE,COUNCIL,NO./NAME,,PARTY,VOTES,,VOTES,REGISTERED
,,,,,,REC‰ÛªD,REJECTED,CAST,VOTERS
,,,,,,,,,
,WESTERN,LUKULU,140 Lukulu East,IMENDA Batuke,ULP,"8,081",,,
,,,,LUHILA Cadman L.,MMD,"5,199",,,
,,,,MANENGU Mbambi,"UPND, FDD, UNIP (UDA)",337,,,
,,,,AKAMANA Debby M.,Heritage,334,,,
,,,,NKOMESHA Edwin N.,Independent,212,,,
,,,,KABILA Lubasi B.,APC,151,,,
,,,,,,"14,314",214,"14,528","21,071"
,,,,,,,,,
,,,141 Lukulu West,IMBWAE Eileen,ULP,"3,400",,,
,,,,NAMAKANDO Simasiku,MMD,"3,354",,,
,,,,KAMUTI Vincent N.,"UPND, FDD, UNIP (UDA)",231,,,
,,,,KAZHILA Peter K.,PF,133,,,
,,,,,,"7,118",55,"7,173","10,029"
,,,,,,,,,
,,MONGU,142 Luena,MILUPI Charles L.,Independent,"6,410",,,
,,,,SILUMESII Kalumyana L.,MMD,"4,450",,,
,,,,SIBETTA Crispin U.,"UPND, FDD, UNIP (UDA)",186,,,
,,,,MUSOLE Sikatala,APC,145,,,
,,,,LUBASI Phillip N.,PF,124,,,
,,,,,,"11,315",266,"11,581","15,642"
,,,,,,,,,
,,,143 Mongu Central,MULYATA Joseph,MMD,"10,438",,,
,,,,SIMENDA Francis Z.,ULP,"6,090",,,
,,,,MUBUKWANU Nathaniel M.,Independent,"5,569",,,
,,,,MWANAWINA Mbanga H.,"UPND, FDD, UNIP (UDA)",605,,,
,,,,KALIMOSHO Mukelabai,Independent,209,,,
,,,,MUNEMBO Munembo,APC,161,,,
,,,,,,"23,072",492,"23,564","34,991"
,,,,,,,,,
,,,144 Nalikwanda,LUNGWANGWA,MMD,"6,394",,,
,,,,Lungwangwa G.,,,,,
,,,,KALUMANIA Simasiku,ULP,"1,960",,,
,,,,MWAYANGUBA Bertha M.,Independent,"1,110",,,
,,,,SAKWIYA Kanatu S.,"UPND, FDD, UNIP (UDA)",349,,,
,,,,LIAMBANGO Wamumei E.,Independent,286,,,
,,,,MUNDIA Sakubita O.,APC,154,,,
,,,,,,"10,253",366,"10,619","16,635"
,,,,,,,,,
,,SENANGA,145 Nalolo,MWANGALA Mubita M.,MMD,"7,179",,,
,,,,WINA Inonge M.,ULP,"5,442",,,
,,,,MUBITA Mbalama I.,"UPND, FDD, UNIP (UDA)",938,,,
,,,,ANAMELA Eunice K.,Heritage,326,,,
,,,,NAWA Patrick,Independent,193,,,
,,,,NDIYOYI Kanyata,APC,78,,,
,,,,HANGUBO Fabian,Independent,59,,,
,,,CONSTITUENCY,CANDIDATE‰ÛªS,,,,TOTAL,TOTAL
,PROVINCE,COUNCIL,NO./NAME,,PARTY,VOTES,,VOTES,REGISTERED
,,,,,,REC‰ÛªD,REJECTED,CAST,VOTERS
,,,,,,,,,
,WESTERN,SENANGA,146 Senanga Central,SINYINDA Clement W.,MMD,"10,979",,,
,,,,SITUMBEKO Walusiku A.,ULP,"2,262",,,
,,,,ANAMELA Njekwa E.,"UPND, FDD, UNIP (UDA)","1,450",,,
,,,,NAMAKANDO Samuel A.,Independent,644,,,
,,,,NGENDA Wamunyima,Independent,436,,,
,,,,,,"15,771",395,"16,166","23,538"
,,,,,,,,,
,,SESHEKE,148 Mulobezi,MABENGA Michael M.,MMD,"4,641",,,
,,,,MUSIALELA Fabian,"UPND, FDD, UNIP (UDA)","2,575",,,
,,,,,,"7,216",168,"7,384","10,752"
,,,,,,,,,
,,,149 Mwandi,KAINGU Liwanga,MMD,"5,179",,,
,,,,ALISINDA Mutonga J.,"UPND, FDD, UNIP (UDA)","1,691",,,
,,,,,,"6,870",138,"7,008","9,844"
,,,,,,,,,
,,,150 Sesheke Central,MUFALALI Adons S.,MMD,"7,126",,,
,,,,LIBELEKI Mwangala R.,Independent,"1,482",,,
,,,,LLOYD David P.,"UPND, FDD, UNIP (UDA)",819,,,
,,,,HARRINGTON Geoffrey A.,ULP,280,,,
,,,,LUBINDA Matomola,Independent,245,,,
,,,,,,"9,952",223,"10,175","14,592"
,,,,,,,,,
,,SHANGOMBO,147 Sinjembela,MUBIKA Mubika,MMD,"11,754",,,
,,,,NJEULU Poniso,ULP,"7,894",,,
,,,,LIYUNGU Paul M.,Independent,"1,347",,,
,,,,,,"20,995",653,"21,648","31,458"