prov,council,cons,candid,party,votes,pct_cast,pct_registered,rejected,pct_rejected,cast,registered,turnout
CENTRAL,CHIBOMBO,001 Chisamba,MWANAWASA Levy,MMD,"12,492",53.71,37.56,,,,,
,,,HICHILEMA Hakainde,"UPND, FDD, UNIP (UDA)","7,999",34.39,24.05,,,,,
,,,SATA Michael M.C,PF,"1,800",7.74,5.41,,,,,
,,,MIYANDA Godfrey K,HP,226,0.97,0.68,,,,,
,,,NGONDO Winright K,APC,90,0.39,0.27,,,,,
,,,,,"22,607",97.2,67.96,651,2.8,"23,258","33,263",69.92
,,,,,,,,,,,,
,,002 Katuba,MWANAWASA Levy,MMD,"10,509",61.95,46.38,,,,,
,,,HICHILEMA Hakainde,"UPND, FDD, UNIP (UDA)","4,398",25.93,19.41,,,,,
,,,SATA Michael M.C,PF,"1,525",8.99,6.73,,,,,
,,,MIYANDA Godfrey K,HP,153,0.9,0.68,,,,,
,,,NGONDO Winright K,APC,64,0.38,0.28,,,,,
,,,,,"16,649",98.14,73.48,315,1.86,"16,964","22,659",74.87
,,003 Keembe,MWANAWASA Levy,MMD,"19,432",64.83,44.98,,,,,
,,,HICHILEMA Hakainde,"UPND, FDD, UNIP (UDA)","8,338",27.82,19.3,,,,,
,,,SATA Michael M.C,PF,909,3.03,2.1,,,,,
,,,MIYANDA Godfrey K,HP,285,0.95,0.66,,,,,
,,,NGONDO Winright K,APC,137,0.46,0.32,,,,,
,,,,,"29,101",97.08,67.35,874,2.92,"29,975","43,206",69.38
,KABWE,004 Bwacha,MWANAWASA Levy,MMD,"10,509",50,34.68,,,,,
,,,SATA Michael M.C,PF,"7,522",35.79,24.82,,,,,
,,,HICHILEMA Hakainde,"UPND, FDD, UNIP (UDA)","2,715",12.92,8.96,,,,,
,,,MIYANDA Godfrey K,HP,223,1.06,0.74,,,,,
,,,NGONDO Winright K,APC,47,0.22,0.16,,,,,
,,,,,"21,016",100,69.36,0,0,"21,016","30,302",69.36
CENTRAL,KABWE,005 Kabwe Central,SATA Michael M.C,PF,"12,779",42.79,31.48,,,,,
,,,MWANAWASA Levy,MMD,"11,355",38.02,27.97,,,,,
,,,HICHILEMA Hakainde,"UPND, FDD, UNIP (UDA)","4,778",16,11.77,,,,,
,,,MIYANDA Godfrey K,HP,502,1.68,1.24,,,,,
,,,NGONDO Winright K,APC,51,0.17,0.13,,,,,
,,,,,"29,465",98.65,72.58,402,1.35,"29,867","40,598",73.57
,KAPIRI-MPOSHI,006 Kapiri Mposhi,MWANAWASA Levy,MMD,"28,870",63.96,42.22,,,,,
,,,HICHILEMA Hakainde,"UPND, FDD, UNIP (UDA)","8,192",18.15,11.98,,,,,
,,,SATA Michael M.C,PF,"6,255",13.86,9.15,,,,,
,,,MIYANDA Godfrey K,HP,429,0.95,0.63,,,,,
,,,NGONDO Winright K,APC,164,0.36,0.24,,,,,
,,,,,"43,910",97.28,64.21,"1,229",2.72,"45,139","68,383",66.01
,MKUSHI,007 Mkushi North,MWANAWASA Levy,MMD,"15,026",76.27,51.49,,,,,
,,,SATA Michael M.C,PF,"1,968",9.99,6.74,,,,,
,,,HICHILEMA Hakainde,"UPND, FDD, UNIP (UDA)","1,791",9.09,6.14,,,,,
,,,MIYANDA Godfrey K,HP,185,0.94,0.63,,,,,
,,,NGONDO Winright K,APC,88,0.45,0.3,,,,,
,,,,,"19,058",96.74,65.31,643,3.26,"19,701","29,181",67.51
,,008 Mkushi South,MWANAWASA Levy,MMD,"5,246",71.55,54.65,,,,,
,,,HICHILEMA Hakainde,"UPND, FDD, UNIP (UDA)","1,453",19.82,15.14,,,,,
,,,SATA Michael M.C,PF,362,4.94,3.77,,,,,
,,,MIYANDA Godfrey K,HP,72,0.98,0.75,,,,,
,,,NGONDO Winright K,APC,32,0.44,0.33,,,,,
,,,,,"7,165",97.72,74.64,167,2.28,"7,332","9,599",76.38
,MUMBWA,009 Mwembezhi,HICHILEMA Hakainde,"UPND, FDD, UNIP (UDA)","7,617",54.53,41.32,,,,,
,,,MWANAWASA Levy,MMD,"4,981",35.66,27.02,,,,,
,,,SATA Michael M.C,PF,929,6.65,5.04,,,,,
,,,MIYANDA Godfrey K,HP,107,0.77,0.58,,,,,
,,,NGONDO Winright K,APC,52,0.37,0.28,,,,,
,,,,,"13,686",97.97,74.24,283,2.03,"13,969","18,434",75.78
,,010 Mumbwa,MWANAWASA Levy,MMD,"10,608",59.51,42.82,,,,,
,,,HICHILEMA Hakainde,"UPND, FDD, UNIP (UDA)","5,849",32.81,23.61,,,,,
,,,SATA Michael M.C,PF,853,4.78,3.44,,,,,
,,,MIYANDA Godfrey K,HP,153,0.86,0.62,,,,,
,,,NGONDO Winright K,APC,53,0.3,0.21,,,,,
,,,,,"17,516",98.26,70.71,311,1.74,"17,827","24,771",71.97
,,011 Nangoma,HICHILEMA Hakainde,"UPND, FDD, UNIP (UDA)","8,182",57.56,42.18,,,,,
,,,MWANAWASA Levy,MMD,"4,900",34.47,25.26,,,,,
,,,SATA Michael M.C,PF,473,3.33,2.44,,,,,
,,,MIYANDA Godfrey K,HP,313,2.2,1.61,,,,,
,,,NGONDO Winright K,APC,39,0.27,0.2,,,,,
,,,,,"13,907",97.84,71.69,307,2.16,"14,214","19,400",73.27
,SERENJE,012 Chitambo,MWANAWASA Levy,MMD,"7,435",81.71,57.72,,,,,
,,,SATA Michael M.C,PF,957,10.52,7.43,,,,,
,,,HICHILEMA Hakainde,"UPND, FDD, UNIP (UDA)",309,3.4,2.4,,,,,
,,,MIYANDA Godfrey K,HP,97,1.07,0.75,,,,,
,,,NGONDO Winright K,APC,49,0.54,0.38,,,,,
,,,,,"8,847",97.23,68.68,252,2.77,"9,099","12,881",70.64
CENTRAL,,013 Muchinga,MWANAWASA Levy,MMD,"7,444",79.73,57.08,,,,,
,,,HICHILEMA Hakainde,"UPND, FDD, UNIP (UDA)","1,086",11.63,8.33,,,,,
,,,SATA Michael M.C,PF,450,4.82,3.45,,,,,
,,,MIYANDA Godfrey K,HP,113,1.21,0.87,,,,,
,,,NGONDO Winright K,APC,41,0.44,0.31,,,,,
,,,,,"9,134",97.84,70.04,202,2.16,"9,336","13,041",71.59
,,014 Serenje Central,MWANAWASA Levy,MMD,"8,791",78.62,53.58,,,,,
,,,SATA Michael M.C,PF,"1,179",10.54,7.19,,,,,
,,,HICHILEMA Hakainde,"UPND, FDD, UNIP (UDA)",636,5.69,3.88,,,,,
,,,MIYANDA Godfrey K,HP,106,0.95,0.65,,,,,
,,,NGONDO Winright K,APC,65,0.58,0.4,,,,,
,,,,,"10,777",96.39,65.69,404,3.61,"11,181","16,406",68.15
COPPERBELT,CHILILABOMBWE,015 Chililabombwe,SATA Michael M.C,PF,"12,930",62.2,43.62,,,,,
,,,MWANAWASA Levy,MMD,"6,667",32.07,22.49,,,,,
,,,HICHILEMA Hakainde,"UPND, FDD, UNIP (UDA)",932,4.48,3.14,,,,,
,,,MIYANDA Godfrey K,HP,204,0.98,0.69,,,,,
,,,NGONDO Winright K,APC,55,0.26,0.19,,,,,
,,,,,"20,788",100,70.14,0,0,"20,788","29,639",70.14
,CHINGOLA,016 Chingola,SATA Michael M.C,PF,"15,099",50.87,37.52,,,,,
,,,MWANAWASA Levy,MMD,"11,328",38.17,28.15,,,,,
,,,HICHILEMA Hakainde,"UPND, FDD, UNIP (UDA)","2,686",9.05,6.67,,,,,
,,,MIYANDA Godfrey K,HP,437,1.47,1.09,,,,,
,,,NGONDO Winright K,APC,129,0.43,0.32,,,,,
,,,,,"29,679",100,73.75,0,0,"29,679","40,244",73.75
,,,,,,,,,,,,
,,017 Nchanga,SATA Michael M.C,PF,"16,857",71.53,57.24,,,,,
,,,MWANAWASA Levy,MMD,"4,873",20.68,16.55,,,,,
,,,HICHILEMA Hakainde,"UPND, FDD, UNIP (UDA)","1,436",6.09,4.88,,,,,
,,,MIYANDA Godfrey K,HP,374,1.59,1.27,,,,,
,,,NGONDO Winright K,APC,27,0.11,0.09,,,,,
,,,,,"23,567",100,80.03,0,0,"23,567","29,448",80.03
,KALULUSHI,018 Kalulushi,SATA Michael M.C,PF,"13,265",49.21,36.57,,,,,
,,,MWANAWASA Levy,MMD,"11,242",41.71,30.99,,,,,
,,,HICHILEMA Hakainde,"UPND, FDD, UNIP (UDA)","1,931",7.16,5.32,,,,,
,,,MIYANDA Godfrey K,HP,445,1.65,1.23,,,,,
,,,NGONDO Winright K,APC,73,0.27,0.2,,,,,
,,,,,"26,956",100,74.31,0,0,"26,956","36,275",74.31
,KITWE,019 Chimwemwe,SATA Michael M.C,PF,"13,569",57.83,43.7,,,,,
,,,MWANAWASA Levy,MMD,"8,241",35.12,26.54,,,,,
,,,HICHILEMA Hakainde,"UPND, FDD, UNIP (UDA)","1,319",5.62,4.25,,,,,
,,,MIYANDA Godfrey K,HP,280,1.19,0.9,,,,,
,,,NGONDO Winright K,APC,56,0.24,0.18,,,,,
,,,,,"23,465",100,75.57,0,0,"23,465","31,052",75.57
,,020 Kamfinsa,SATA Michael M.C,PF,"10,878",58.22,42.85,,,,,
,,,MWANAWASA Levy,MMD,"5,975",31.98,23.54,,,,,
,,,HICHILEMA Hakainde,"UPND, FDD, UNIP (UDA)","1,489",7.97,5.87,,,,,
,,,MIYANDA Godfrey K,HP,342,1.83,1.35,,,,,
,,,NGONDO Winright K,APC,0,0,0,,,,,
,,,,,"18,684",100,73.6,0,0,"18,684","25,387",73.6
,,021 Kwacha,SATA Michael M.C,PF,"18,340",62.02,45.37,,,,,
,,,MWANAWASA Levy,MMD,"7,956",26.9,19.68,,,,,
,,,HICHILEMA Hakainde,"UPND, FDD, UNIP (UDA)","2,738",9.26,6.77,,,,,
,,,MIYANDA Godfrey K,HP,485,1.64,1.2,,,,,
,,,NGONDO Winright K,APC,54,0.18,0.13,,,,,
,,,,,"29,573",100,73.17,0,0,"29,573","40,419",73.17
,,022 Nkana,SATA Michael M.C,PF,"15,177",69.52,52.72,,,,,
,,,MWANAWASA Levy,MMD,"4,277",19.59,14.86,,,,,
,,,HICHILEMA Hakainde,"UPND, FDD, UNIP (UDA)","2,015",9.23,7,,,,,
,,,MIYANDA Godfrey K,HP,326,1.49,1.13,,,,,
,,,NGONDO Winright K,APC,36,0.16,0.13,,,,,
,,,,,"21,831",100,75.83,0,0,"21,831","28,789",75.83
,,,,,,,,,,,,
,,023 Wusakile,SATA Michael M.C,PF,"17,614",73.17,65.07,,,,,
,,,MWANAWASA Levy,MMD,"5,206",21.62,19.23,,,,,
,,,HICHILEMA Hakainde,"UPND, FDD, UNIP (UDA)","1,023",4.25,3.78,,,,,
,,,MIYANDA Godfrey K,HP,208,0.86,0.77,,,,,
,,,NGONDO Winright K,APC,23,0.1,0.08,,,,,
,,,,,"24,074",100,88.93,0,0,"24,074","27,070",88.93
COPPERBELT,LUANSHYA,024 Luanshya,SATA Michael M.C,PF,"11,159",46.47,33.64,,,,,
,,,MWANAWASA Levy,MMD,"10,191",42.44,30.72,,,,,
,,,HICHILEMA Hakainde,"UPND, FDD, UNIP (UDA)","2,234",9.3,6.73,,,,,
,,,MIYANDA Godfrey K,HP,356,1.48,1.07,,,,,
,,,NGONDO Winright K,APC,72,0.3,0.22,,,,,
,,,,,"24,012",100,72.38,0,0,"24,012","33,174",72.38
,,025 Roan,SATA Michael M.C,PF,"8,592",54.05,41.32,,,,,
,,,MWANAWASA Levy,MMD,"6,233",39.21,29.98,,,,,
,,,HICHILEMA Hakainde,"UPND, FDD, UNIP (UDA)",909,5.72,4.37,,,,,
,,,MIYANDA Godfrey K,HP,142,0.89,0.68,,,,,
,,,NGONDO Winright K,APC,19,0.12,0.09,,,,,
,,,,,"15,895",100,76.45,0,0,"15,895","20,792",76.45
,MUFULIRA,026 Kankoyo,SATA Michael M.C,PF,"7,200",59.29,45.63,,,,,
,,,MWANAWASA Levy,MMD,"4,028",33.17,25.53,,,,,
,,,HICHILEMA Hakainde,"UPND, FDD, UNIP (UDA)",797,6.56,5.05,,,,,
,,,MIYANDA Godfrey K,HP,83,0.68,0.53,,,,,
,,,NGONDO Winright K,APC,36,0.3,0.23,,,,,
,,,,,"12,144",100,76.96,0,0,"12,144","15,780",76.96
,,027 Kantanshi,SATA Michael M.C,PF,"13,001",70.49,53.98,,,,,
,,,MWANAWASA Levy,MMD,"4,476",24.27,18.58,,,,,
,,,HICHILEMA Hakainde,"UPND, FDD, UNIP (UDA)",730,3.96,3.03,,,,,
,,,MIYANDA Godfrey K,HP,212,1.15,0.88,,,,,
,,,NGONDO Winright K,APC,26,0.14,0.11,,,,,
,,,,,"18,445",100,76.59,0,0,"18,445","24,084",76.59
,,028 Mufulira,SATA Michael M.C,PF,"7,336",50.84,36.18,,,,,
,,,MWANAWASA Levy,MMD,"6,016",41.69,29.67,,,,,
,,,HICHILEMA Hakainde,"UPND, FDD, UNIP (UDA)",893,6.19,4.4,,,,,
,,,MIYANDA Godfrey K,HP,150,1.04,0.74,,,,,
,,,NGONDO Winright K,APC,35,0.24,0.17,,,,,
,,,,,"1 4,430",100,71.16,0,0,"14,430","20,278",71.16
,LUFWANYAMA,030 Lufwanyama,MWANAWASA Levy,MMD,"13,489",82.32,51.14,,,,,
,,,SATA Michael M.C,PF,"1,492",9.11,5.66,,,,,
,,,HICHILEMA Hakainde,"UPND, FDD, UNIP (UDA)","1,032",6.3,3.91,,,,,
,,,MIYANDA Godfrey K,HP,232,1.42,0.88,,,,,
,,,NGONDO Winright K,APC,141,0.86,0.53,,,,,
,,,,,"16,386",100,62.12,0,0,"16,386","26,378",62.12
COPPERBELT,NDOLA,033 Bwana Mkubwa,SATA Michael M.C,PF,"7,649",54.96,22.41,,,,,
,,,MWANAWASA Levy,MMD,"4,631",33.28,13.57,,,,,
,,,HICHILEMA Hakainde,"UPND, FDD, UNIP (UDA)","1,404",10.09,4.11,,,,,
,,,MIYANDA Godfrey K,HP,185,1.33,0.54,,,,,
,,,NGONDO Winright K,APC,48,0.34,0.14,,,,,
,,,,,"13,917",100,40.78,0,0,"13,917","34,126",40.78
,,034 Chifubu,SATA Michael M.C,PF,"11,761",53.34,40.23,,,,,
,,,MWANAWASA Levy,MMD,"7,974",36.16,27.27,,,,,
,,,HICHILEMA Hakainde,"UPND, FDD, UNIP (UDA)","2,027",9.19,6.93,,,,,
,,,MIYANDA Godfrey K,HP,236,1.07,0.81,,,,,
,,,NGONDO Winright K,APC,51,0.23,0.17,,,,,
,,,,,"22,049",100,75.41,0,0,"22,049","29,238",75.41
,,035 Kabushi,SATA Michael M.C,PF,"12,893",59.7,43.49,,,,,
,,,MWANAWASA Levy,MMD,"6,866",31.79,23.16,,,,,
,,,HICHILEMA Hakainde,"UPND, FDD, UNIP (UDA)","1,537",7.12,5.18,,,,,
,,,MIYANDA Godfrey K,HP,235,1.09,0.79,,,,,
,,,NGONDO Winright K,APC,67,0.31,0.23,,,,,
,,,,,"21,598",100,72.86,0,0,"21,598","29,644",72.86
,,036 Ndola Central,SATA Michael M.C,PF,"14,962",64.54,38.59,,,,,
,,,MWANAWASA Levy,MMD,"4,731",20.41,12.2,,,,,
,,,HICHILEMA Hakainde,"UPND, FDD, UNIP (UDA)","2,824",12.18,7.28,,,,,
,,,MIYANDA Godfrey K,HP,583,2.51,1.5,,,,,
,,,NGONDO Winright K,APC,83,0.36,0.21,,,,,
,,,,,"23,183",100,59.8,0,0,"23,183","38,767",59.8
,MASAITI,029 Kafulafuta,MWANAWASA Levy,MMD,"8,660",91.92,60.84,,,,,
,,,HICHILEMA Hakainde,"UPND, FDD, UNIP (UDA)",335,3.56,2.35,,,,,
,,,SATA Michael M.C,PF,314,3.33,2.21,,,,,
,,,MIYANDA Godfrey K,HP,80,0.85,0.56,,,,,
,,,NGONDO Winright K,APC,32,0.34,0.22,,,,,
,,,,,"9,421",100,66.19,0,0,"9,421","14,233",66.19
,,031 Masaiti,MWANAWASA Levy,MMD,"13,090",86.17,62.33,,,,,
,,,SATA Michael M.C,PF,"1,206",7.94,5.74,,,,,
,,,HICHILEMA Hakainde,"UPND, FDD, UNIP (UDA)",597,3.93,2.84,,,,,
,,,NGONDO Winright K,APC,205,1.35,0.98,,,,,
,,,MIYANDA Godfrey K,HP,93,0.61,0.44,,,,,
,,,,,"15,191",100,72.33,0,0,"15,191","21,002",72.33
COPPERBELT,MPONGWE,032 Mpongwe,MWANAWASA Levy,MMD,"13,720",73.2,46.16,,,,,
,,,SATA Michael M.C,PF,"2,306",12.3,7.76,,,,,
,,,HICHILEMA Hakainde,"UPND, FDD, UNIP (UDA)","2,074",11.06,6.98,,,,,
,,,MIYANDA Godfrey K,HP,135,0.72,0.45,,,,,
,,,NGONDO Winright K,APC,50,0.27,0.17,,,,,
,,,,,"18,285",97.55,61.52,459,2.45,"18,744","29,722",63.06
EASTERN,CHADIZA,037 Chadiza,HICHILEMA Hakainde,"UPND, FDD, UNIP (UDA)","6,497",47.45,35.64,,,,,
,,,MWANAWASA Levy,MMD,"5,305",38.75,29.1,,,,,
,,,SATA Michael M.C,PF,935,6.83,5.13,,,,,
,,,MIYANDA Godfrey K,HP,219,1.6,1.2,,,,,
,,,NGONDO Winright K,APC,187,1.37,1.03,,,,,
,,,,,"13,143",95.99,72.1,549,4.01,"13,692","18,230",75.11
,,038 Vubwi,HICHILEMA Hakainde,"UPND, FDD, UNIP (UDA)","3,978",43.82,30.08,,,,,
,,,MWANAWASA Levy,MMD,"3,512",38.68,26.56,,,,,
,,,SATA Michael M.C,PF,413,4.55,3.12,,,,,
,,,MIYANDA Godfrey K,HP,397,4.37,3,,,,,
,,,NGONDO Winright K,APC,391,4.31,2.96,,,,,
,,,,,"8,691",95.73,65.72,388,4.27,"9,079","13,225",68.65
,CHAMA,039 Chama  North,MWANAWASA Levy,MMD,"6,670",50.53,36.68,,,,,
,,,HICHILEMA Hakainde,"UPND, FDD, UNIP (UDA)",4768,36.12,26.22,,,,,
,,,SATA Michael M.C,PF,746,5.65,4.1,,,,,
,,,MIYANDA Godfrey K,HP,441,3.34,2.43,,,,,
,,,NGONDO Winright K,APC,230,1.74,1.26,,,,,
,,,,,"12,855",97.39,70.69,345,2.61,"13,200","18,185",72.59
,,040 Chama South,MWANAWASA Levy,MMD,"6,118",46,38.21,,,,,
,,,HICHILEMA Hakainde,"UPND, FDD, UNIP (UDA)","5,209",39.16,32.53,,,,,
,,,SATA Michael M.C,PF,"1,404",10.56,8.77,,,,,
,,,NGONDO Winright K,APC,176,1.32,1.1,,,,,
,,,MIYANDA Godfrey K,HP,89,0.67,0.56,,,,,
,,,,,"12,996",97.71,81.17,305,2.29,"13,301","16,011",83.07
,CHIPATA,041 Chipangali,HICHILEMA Hakainde,"UPND, FDD, UNIP (UDA)","8,735",41.52,26.23,,,,,
,,,MWANAWASA Levy,MMD,"7,370",35.04,22.13,,,,,
,,,SATA Michael M.C,PF,"2,414",11.48,7.25,,,,,
,,,MIYANDA Godfrey K,HP,"1,030",4.9,3.09,,,,,
,,,NGONDO Winright K,APC,785,3.73,2.36,,,,,
,,,,,"20,334",96.66,61.05,702,3.34,"21,036","33,307",63.16
EASTERN,CHIPATA,042 Chipata Central,MWANAWASA Levy,MMD,"8,491",34.07,22.32,,,,,
,,,HICHILEMA Hakainde,"UPND, FDD, UNIP (UDA)","7,883",31.63,20.73,,,,,
,,,SATA Michael M.C,PF,"7,657",30.72,20.13,,,,,
,,,MIYANDA Godfrey K,HP,476,1.91,1.25,,,,,
,,,NGONDO Winright K,APC,418,1.68,1.1,,,,,
,,,,,"24,925",100,65.53,0,0,"24,925","38,034",65.53
,,043 Kasenengwa,HICHILEMA Hakainde,"UPND, FDD, UNIP (UDA)","8,603",40.22,26.47,,,,,
,,,MWANAWASA Levy,MMD,"8,253",38.58,25.4,,,,,
,,,SATA Michael M.C,PF,"2,523",11.8,7.76,,,,,
,,,NGONDO Winright K,APC,"1,008",4.71,3.1,,,,,
,,,MIYANDA Godfrey K,HP,632,2.95,1.94,,,,,
,,,,,"21,019",98.27,64.68,371,1.73,"21,390","32,496",65.82
,,044 Luangeni,MWANAWASA Levy,MMD,"7,367",55.98,29.75,,,,,
,,,HICHILEMA Hakainde,"UPND, FDD, UNIP (UDA)","2,194",16.67,8.86,,,,,
,,,SATA Michael M.C,PF,"2,122",16.13,8.57,,,,,
,,,NGONDO Winright K,APC,581,4.42,2.35,,,,,
,,,MIYANDA Godfrey K,HP,472,3.59,1.91,,,,,
,,,,,"12,736",96.79,51.44,423,3.21,"13,159","24,761",53.14
,KATETE,045 Milanzi,HICHILEMA Hakainde,"UPND, FDD, UNIP (UDA)","8,115",56.14,41.2,,,,,
,,,MWANAWASA Levy,MMD,"4,474",30.95,22.71,,,,,
,,,SATA Michael M.C,PF,547,3.78,2.78,,,,,
,,,MIYANDA Godfrey K,HP,434,3,2.2,,,,,
,,,NGONDO Winright K,APC,342,2.37,1.74,,,,,
,,,,,"13,912",96.24,70.63,543,3.76,"14,455","19,698",73.38
,,046 Mkaika,MWANAWASA Levy,MMD,"8,444",46.57,31.49,,,,,
,,,HICHILEMA Hakainde,"UPND, FDD, UNIP (UDA)","5,881",32.44,21.93,,,,,
,,,SATA Michael M.C,PF,"2,143",11.82,7.99,,,,,
,,,NGONDO Winright K,APC,580,3.2,2.16,,,,,
,,,MIYANDA Godfrey K,HP,533,2.94,1.99,,,,,
,,,,,"17,581",96.97,65.56,549,3.03,"18,130","26,815",67.61
EASTERN,KATETE,047 Sinda,HICHILEMA Hakainde,"UPND, FDD, UNIP (UDA)","10,687",61.38,43.43,,,,,
,,,MWANAWASA Levy,MMD,"4,972",28.56,20.21,,,,,
,,,SATA Michael M.C,PF,620,3.56,2.52,,,,,
,,,MIYANDA Godfrey K,HP,492,2.83,2,,,,,
,,,NGONDO Winright K,APC,201,1.15,0.82,,,,,
,,,,,"16,972",97.48,68.98,438,2.52,"17,410","24,606",70.76
,LUNDAZI,048 Chasefu,HICHILEMA Hakainde,"UPND, FDD, UNIP (UDA)","13,261",56.15,41.55,,,,,
,,,MWANAWASA Levy,MMD,"6,280",26.59,19.68,,,,,
,,,SATA Michael M.C,PF,"2,059",8.72,6.45,,,,,
,,,MIYANDA Godfrey K,HP,678,2.87,2.12,,,,,
,,,NGONDO Winright K,APC,342,1.45,1.07,,,,,
,,,,,"22,620",95.79,70.87,995,4.21,"23,615","31,916",73.99
,,049 Lumezi,MWANAWASA Levy,MMD,"9,433",43.52,31.24,,,,,
,,,HICHILEMA Hakainde,"UPND, FDD, UNIP (UDA)","7,891",36.41,26.14,,,,,
,,,SATA Michael M.C,PF,"2,898",13.37,9.6,,,,,
,,,MIYANDA Godfrey K,HP,386,1.78,1.28,,,,,
,,,NGONDO Winright K,APC,227,1.05,0.75,,,,,
,,,,,"20,835",96.13,69.01,838,3.87,"21,673","30,193",71.78
,,050 Lundazi,MWANAWASA Levy,MMD,"12,488",42.99,32.43,,,,,
,,,HICHILEMA Hakainde,"UPND, FDD, UNIP (UDA)","11,778",40.54,30.59,,,,,
,,,SATA Michael M.C,PF,"2,404",8.28,6.24,,,,,
,,,MIYANDA Godfrey K,HP,730,2.51,1.9,,,,,
,,,NGONDO Winright K,APC,633,2.18,1.64,,,,,
,,,,,"28,033",96.5,72.81,1017,3.5,"29,050","38,503",75.45
,NYIMBA,052 Nyimba,MWANAWASA Levy,MMD,"10,426",62.04,42.09,,,,,
,,,HICHILEMA Hakainde,"UPND, FDD, UNIP (UDA)","3,879",23.08,15.66,,,,,
,,,SATA Michael M.C,PF,"1,304",7.76,5.26,,,,,
,,,NGONDO Winright K,APC,382,2.27,1.54,,,,,
,,,MIYANDA Godfrey K,HP,305,1.82,1.23,,,,,
,,,,,"16,296",96.98,65.78,508,3.02,"16,804","24,772",67.83
,PETAUKE,053 Kapoche,MWANAWASA Levy,MMD,"8,610",47.6,31.28,,,,,
,,,HICHILEMA Hakainde,"UPND, FDD, UNIP (UDA)","6,860",37.92,24.92,,,,,
,,,SATA Michael M.C,PF,"1,036",5.73,3.76,,,,,
,,,MIYANDA Godfrey K,HP,728,4.02,2.65,,,,,
,,,NGONDO Winright K,APC,202,1.12,0.73,,,,,
,,,,,"17,436",96.38,63.35,654,3.62,"18,090","27,523",65.73
EASTERN,PETAUKE,054 Msanzala,MWANAWASA Levy,MMD,"7,379",48.17,32.08,,,,,
,,,HICHILEMA Hakainde,"UPND, FDD, UNIP (UDA)","4,934",32.21,21.45,,,,,
,,,SATA Michael M.C,PF,"1,104",7.21,4.8,,,,,
,,,MIYANDA Godfrey K,HP,868,5.67,3.77,,,,,
,,,NGONDO Winright K,APC,602,3.93,2.62,,,,,
,,,,,"14,887",97.18,64.73,432,2.82,"15,319","23,000",66.6
,,055 Petauke,MWANAWASA Levy,MMD,"14,946",60.34,41.44,,,,,
,,,HICHILEMA Hakainde,"UPND, FDD, UNIP (UDA)","3,983",16.08,11.04,,,,,
,,,SATA Michael M.C,PF,"2,704",10.92,7.5,,,,,
,,,MIYANDA Godfrey K,HP,"1,915",7.73,5.31,,,,,
,,,NGONDO Winright K,APC,528,2.13,1.46,,,,,
,,,,,"24,076",97.21,66.75,692,2.79,"24,768","36,069",68.67
,MAMBWE,051 Malambo,MWANAWASA Levy,MMD,"7,601",48.12,34.72,,,,,
,,,HICHILEMA Hakainde,"UPND, FDD, UNIP (UDA)","5,349",33.87,24.43,,,,,
,,,SATA Michael M.C,PF,"1,644",10.41,7.51,,,,,
,,,NGONDO Winright K,APC,351,2.22,1.6,,,,,
,,,MIYANDA Godfrey K,HP,224,1.42,1.02,,,,,
,,,,,"15,169",96.04,69.29,626,3.96,"15,795","21,892",72.15
LUAPULA,KAWAMBWA,056 Kawambwa,SATA Michael M.C,PF,"7,935",71.29,51.03,,,,,
,,,MWANAWASA Levy,MMD,"2,687",24.14,17.28,,,,,
,,,HICHILEMA Hakainde,"UPND, FDD, UNIP (UDA)",279,2.51,1.79,,,,,
,,,MIYANDA Godfrey K,HP,123,1.11,0.79,,,,,
,,,NGONDO Winright K,APC,97,0.87,0.62,,,,,
,,,,,"11,121",99.91,71.52,10,0.09,"11,131","15,549",71.59
,,057 Mwansabombwe,SATA Michael M.C,PF,"7,606",70.11,52.06,,,,,
,,,MWANAWASA Levy,MMD,"2,712",25,18.56,,,,,
,,,HICHILEMA Hakainde,"UPND, FDD, UNIP (UDA)",223,2.06,1.53,,,,,
,,,MIYANDA Godfrey K,HP,70,0.65,0.48,,,,,
,,,NGONDO Winright K,APC,37,0.34,0.25,,,,,
,,,,,"10,648",98.15,72.89,201,1.85,"10,849","14,609",74.26
,,058 Pambashe,SATA Michael M.C,PF,"4,154",54.32,41.12,,,,,
,,,MWANAWASA Levy,MMD,"3,102",40.56,30.7,,,,,
,,,HICHILEMA Hakainde,"UPND, FDD, UNIP (UDA)",157,2.05,1.55,,,,,
,,,MIYANDA Godfrey K,HP,48,0.63,0.48,,,,,
,,,NGONDO Winright K,APC,37,0.48,0.37,,,,,
,,,,,"7,498",98.05,74.22,149,1.95,"7,647","10,103",75.69
LUAPULA,MANSA,059 Bahati,SATA Michael M.C,PF,"9,722",65.14,42.52,,,,,
,,,MWANAWASA Levy,MMD,"4,376",29.32,19.14,,,,,
,,,HICHILEMA Hakainde,"UPND, FDD, UNIP (UDA)",519,3.48,2.27,,,,,
,,,MIYANDA Godfrey K,HP,150,1.01,0.66,,,,,
,,,NGONDO Winright K,APC,76,0.51,0.33,,,,,
,,,,,"14,843",99.45,64.92,82,0.55,"14,925","22,865",65.27
,,061 Mansa Central,SATA Michael M.C,PF,"15,135",55.55,36.06,,,,,
,,,MWANAWASA Levy,MMD,"10,327",37.9,24.61,,,,,
,,,HICHILEMA Hakainde,"UPND, FDD, UNIP (UDA)","1,009",3.7,2.4,,,,,
,,,MIYANDA Godfrey K,HP,281,1.03,0.67,,,,,
,,,NGONDO Winright K,APC,112,0.41,0.27,,,,,
,,,,,"26,864",98.59,64.01,384,1.41,"27,248","41,968",64.93
,MILENGE,060 Chembe,MWANAWASA Levy,MMD,"4,831",61.97,40.89,,,,,
,,,SATA Michael M.C,PF,"2,339",30,19.8,,,,,
,,,HICHILEMA Hakainde,"UPND, FDD, UNIP (UDA)",491,6.3,4.16,,,,,
,,,MIYANDA Godfrey K,HP,76,0.97,0.64,,,,,
,,,NGONDO Winright K,APC,29,0.37,0.25,,,,,
,,,,,"7,766",99.62,65.74,30,0.38,"7,796","11,814",65.99
,MWENSE,062 Chipili,SATA Michael M.C,PF,"4,825",59.58,44.34,,,,,
,,,MWANAWASA Levy,MMD,"2,708",33.44,24.89,,,,,
,,,HICHILEMA Hakainde,"UPND, FDD, UNIP (UDA)",305,3.77,2.8,,,,,
,,,NGONDO Winright K,APC,54,0.67,0.5,,,,,
,,,MIYANDA Godfrey K,HP,37,0.46,0.34,,,,,
,,,,,"7,929",97.91,72.87,169,2.09,"8,098","10,881",74.42
,,063 Mambilima,SATA Michael M.C,PF,"3,373",45.97,28.04,,,,,
,,,MWANAWASA Levy,MMD,"2,485",33.87,20.66,,,,,
,,,HICHILEMA Hakainde,"UPND, FDD, UNIP (UDA)","1,155",15.74,9.6,,,,,
,,,NGONDO Winright K,APC,94,1.28,0.78,,,,,
,,,MIYANDA Godfrey K,HP,73,0.99,0.61,,,,,
,,,,,"7,180",97.86,59.69,157,2.14,"7,337","12,028",61
,,064 Mwense,SATA Michael M.C,PF,"8,403",67.39,43.19,,,,,
,,,MWANAWASA Levy,MMD,"3,036",24.35,15.6,,,,,
,,,HICHILEMA Hakainde,"UPND, FDD, UNIP (UDA)",726,5.82,3.73,,,,,
,,,MIYANDA Godfrey K,HP,83,0.67,0.43,,,,,
,,,NGONDO Winright K,APC,59,0.47,0.3,,,,,
,,,,,"12,307",98.69,63.26,163,1.31,"12,470","19,456",64.09
,CHIENGI,065 Chiengi,SATA Michael M.C,PF,"9,862",56.25,26.32,,,,,
,,,MWANAWASA Levy,MMD,"6,578",37.52,17.56,,,,,
,,,HICHILEMA Hakainde,"UPND, FDD, UNIP (UDA)",359,2.05,0.96,,,,,
,,,NGONDO Winright K,APC,133,0.76,0.35,,,,,
,,,MIYANDA Godfrey K,HP,123,0.7,0.33,,,,,
,,,,,"17,055",97.27,45.52,478,2.73,"17,533","37,470",46.79
LUAPULA,NCHELENGE,066 Nchelenge,SATA Michael M.C,PF,"14,432",60.21,31.61,,,,,
,,,MWANAWASA Levy,MMD,"8,162",34.05,17.88,,,,,
,,,HICHILEMA Hakainde,"UPND, FDD, UNIP (UDA)",891,3.72,1.95,,,,,
,,,MIYANDA Godfrey K,HP,242,1.01,0.53,,,,,
,,,NGONDO Winright K,APC,241,1.01,0.53,,,,,
,,,,,"23,968",100,52.5,0,0,"23,968","45,650",52.5
,SAMFYA,067 Bangweulu,SATA Michael M.C,PF,"15,770",67.42,47.08,,,,,
,,,MWANAWASA Levy,MMD,"5,237",22.39,15.64,,,,,
,,,HICHILEMA Hakainde,"UPND, FDD, UNIP (UDA)","1,530",6.54,4.57,,,,,
,,,MIYANDA Godfrey K,HP,248,1.06,0.74,,,,,
,,,NGONDO Winright K,APC,155,0.66,0.46,,,,,
,,,,,"22,940",98.08,68.49,449,1.92,"23,389","33,494",69.83
,,068 Chifunabuli,SATA Michael M.C,PF,"10,669",57.67,39.01,,,,,
,,,MWANAWASA Levy,MMD,"6,486",35.06,23.72,,,,,
,,,HICHILEMA Hakainde,"UPND, FDD, UNIP (UDA)",525,2.84,1.92,,,,,
,,,MIYANDA Godfrey K,HP,195,1.05,0.71,,,,,
,,,NGONDO Winright K,APC,177,0.96,0.65,,,,,
,,,,,"18,052",97.57,66.01,449,2.43,"18,501","27,346",67.66
,,069 Luapula,SATA Michael M.C,PF,"4,676",66.13,50.1,,,,,
,,,MWANAWASA Levy,MMD,"2,209",31.24,23.67,,,,,
,,,HICHILEMA Hakainde,"UPND, FDD, UNIP (UDA)",65,0.92,0.7,,,,,
,,,NGONDO Winright K,APC,50,0.71,0.54,,,,,
,,,MIYANDA Godfrey K,HP,46,0.65,0.49,,,,,
,,,,,"7,046",99.65,75.49,25,0.35,"7,071","9,334",75.76
LUSAKA,CHONGWE,073 Chongwe,MWANAWASA Levy,MMD,"16,650",60.02,41.27,,,,,
,,,HICHILEMA Hakainde,"UPND, FDD, UNIP (UDA)","5,702",20.55,14.13,,,,,
,,,SATA Michael M.C,PF,"4,916",17.72,12.19,,,,,
,,,MIYANDA Godfrey K,HP,316,1.14,0.78,,,,,
,,,NGONDO Winright K,APC,157,0.57,0.39,,,,,
,,,,,"27,741",100,68.76,0,0,"27,741","40,342",68.76
,,074 Rufunsa,MWANAWASA Levy,MMD,"7,080",69.91,47.45,,,,,
,,,HICHILEMA Hakainde,"UPND, FDD, UNIP (UDA)","2,126",20.99,14.25,,,,,
,,,SATA Michael M.C,PF,733,7.24,4.91,,,,,
,,,MIYANDA Godfrey K,HP,122,1.2,0.82,,,,,
,,,NGONDO Winright K,APC,66,0.65,0.44,,,,,
,,,,,"10,127",100,67.87,0,0,"10,127","14,921",67.87
LUSAKA,KAFUE,070 Kafue,MWANAWASA Levy,MMD,"11,629",45.04,32.18,,,,,
,,,HICHILEMA Hakainde,"UPND, FDD, UNIP (UDA)","9,542",36.96,26.41,,,,,
,,,SATA Michael M.C,PF,"3,858",14.94,10.68,,,,,
,,,MIYANDA Godfrey K,HP,404,1.56,1.12,,,,,
,,,NGONDO Winright K,APC,76,0.29,0.21,,,,,
,,,,,"25,509",98.8,70.6,309,1.2,"25,818","36,133",71.45
,,072 Chilanga,HICHILEMA Hakainde,"UPND, FDD, UNIP (UDA)","6,984",37.67,26.24,,,,,
,,,MWANAWASA Levy,MMD,"6,029",32.52,22.65,,,,,
,,,SATA Michael M.C,PF,"4,871",26.27,18.3,,,,,
,,,MIYANDA Godfrey K,HP,229,1.24,0.86,,,,,
,,,NGONDO Winright K,APC,65,0.35,0.24,,,,,
,,,,,"18,178",98.04,68.29,364,1.96,"18,542","26,618",69.66
,LUANGWA,071 Feira,MWANAWASA Levy,MMD,"3,664",53.72,42.03,,,,,
,,,HICHILEMA Hakainde,"UPND, FDD, UNIP (UDA)","1,568",22.99,17.99,,,,,
,,,SATA Michael M.C,PF,"1,353",19.84,15.52,,,,,
,,,MIYANDA Godfrey K,HP,71,1.04,0.81,,,,,
,,,NGONDO Winright K,APC,51,0.75,0.58,,,,,
,,,,,"6,707",98.33,76.93,114,1.67,"6,821","8,718",78.24
,LUSAKA,075 Chawama,SATA Michael M.C,PF,"21,537",55.85,37.24,,,,,
,,,HICHILEMA Hakainde,"UPND, FDD, UNIP (UDA)",8569,22.22,14.82,,,,,
,,,MWANAWASA Levy,MMD,7966,20.66,13.77,,,,,
,,,MIYANDA Godfrey K,HP,374,0.97,0.65,,,,,
,,,NGONDO Winright K,APC,114,0.3,0.2,,,,,
,,,,,"38,560",100,66.67,0,0,"38,560","57,833",66.67
,,076 Kabwata,SATA Michael M.C,PF,"25,329",61.42,45.39,,,,,
,,,HICHILEMA Hakainde,"UPND, FDD, UNIP (UDA)","8,098",19.64,14.51,,,,,
,,,MWANAWASA Levy,MMD,"7,088",17.19,12.7,,,,,
,,,MIYANDA Godfrey K,HP,666,1.62,1.19,,,,,
,,,NGONDO Winright K,APC,56,0.14,0.1,,,,,
,,,,,"41,237",100,73.9,0,0,"41,237","55,799",73.9
,,077 Kanyama,SATA Michael M.C,PF,"20,384",45.65,30.43,,,,,
,,,HICHILEMA Hakainde,"UPND, FDD, UNIP (UDA)","13,324",29.84,19.89,,,,,
,,,MWANAWASA Levy,MMD,"10,241",22.94,15.29,,,,,
,,,MIYANDA Godfrey K,HP,549,1.23,0.82,,,,,
,,,NGONDO Winright K,APC,153,0.34,0.23,,,,,
,,,,,"44,651",100,66.66,0,0,"44,651","66,984",66.66
LUSAKA,LUSAKA,078 Lusaka Central,SATA Michael M.C,PF,"20,309",56.45,42.27,,,,,
,,,MWANAWASA Levy,MMD,"7,527",20.92,15.67,,,,,
,,,HICHILEMA Hakainde,"UPND, FDD, UNIP (UDA)","7,501",20.85,15.61,,,,,
,,,MIYANDA Godfrey K,HP,592,1.65,1.23,,,,,
,,,NGONDO Winright K,APC,50,0.14,0.1,,,,,
,,,,,"35,979",100,74.88,0,0,"35,979","48,048",74.88
,,079 Mandevu,SATA Michael M.C,PF,"35,176",61.43,42.59,,,,,
,,,MWANAWASA Levy,MMD,"13,197",23.05,15.98,,,,,
,,,HICHILEMA Hakainde,"UPND, FDD, UNIP (UDA)","7,941",13.87,9.61,,,,,
,,,MIYANDA Godfrey K,HP,761,1.33,0.92,,,,,
,,,NGONDO Winright K,APC,183,0.32,0.22,,,,,
,,,,,"57,258",100,69.32,0,0,"57,258","82,600",69.32
,,080 Matero,SATA Michael M.C,PF,"34,033",62.46,46.43,,,,,
,,,MWANAWASA Levy,MMD,"11,637",21.36,15.88,,,,,
,,,HICHILEMA Hakainde,"UPND, FDD, UNIP (UDA)","7,223",13.26,9.85,,,,,
,,,MIYANDA Godfrey K,HP,652,1.2,0.89,,,,,
,,,NGONDO Winright K,APC,119,0.22,0.16,,,,,
,,,,,"53,664",98.48,73.21,826,1.52,"54,490","73,303",74.34
,,081 Munali,SATA Michael M.C,PF,"33,524",55.45,41.26,,,,,
,,,MWANAWASA Levy,MMD,"13,456",22.26,16.56,,,,,
,,,HICHILEMA Hakainde,"UPND, FDD, UNIP (UDA)","11,461",18.96,14.1,,,,,
,,,MIYANDA Godfrey K,HP,897,1.48,1.1,,,,,
,,,NGONDO Winright K,APC,190,0.31,0.23,,,,,
,,,,,"59,528",98.47,73.26,927,1.53,"60,455","81,255",74.4
NORTHERN,CHILUBI,082 Chilubi,SATA Michael M.C,PF,"12,469",63.04,44.6,,,,,
,,,MWANAWASA Levy,MMD,"5,399",27.3,19.31,,,,,
,,,HICHILEMA Hakainde,"UPND, FDD, UNIP (UDA)","1,097",5.55,3.92,,,,,
,,,MIYANDA Godfrey K,HP,231,1.17,0.83,,,,,
,,,NGONDO Winright K,APC,111,0.56,0.4,,,,,
,,,,,"19,307",97.61,69.06,473,2.39,"19,780","27,957",70.75
,,083 Chinsali,MWANAWASA Levy,MMD,"8,070",48.81,32.99,,,,,
,,,SATA Michael M.C,PF,"7,655",46.3,31.29,,,,,
,,,HICHILEMA Hakainde,"UPND, FDD, UNIP (UDA)",530,3.21,2.17,,,,,
,,,MIYANDA Godfrey K,HP,176,1.06,0.72,,,,,
,,,NGONDO Winright K,APC,103,0.62,0.42,,,,,
,,,,,"16,534",100,67.59,0,0,"16,534","24,462",67.59
,CHINSALI,084 Shiwang ‰Ûªandu,SATA Michael M.C,PF,"7,721",65.11,45.27,,,,,
,,,MWANAWASA Levy,MMD,"3,479",29.34,20.4,,,,,
,,,NGONDO Winright K,APC,257,2.17,1.51,,,,,
,,,HICHILEMA Hakainde,"UPND, FDD, UNIP (UDA)",246,2.07,1.44,,,,,
,,,MIYANDA Godfrey K,HP,156,1.32,0.91,,,,,
,,,,,"11,859",100,69.53,0,0,"11,859","17,057",69.53
,ISOKA,085 Isoka East,MWANAWASA Levy,MMD,"10,433",77.46,64.29,,,,,
,,,HICHILEMA Hakainde,"UPND, FDD, UNIP (UDA)","1,515",11.25,9.34,,,,,
,,,SATA Michael M.C,PF,1101,8.17,6.78,,,,,
,,,MIYANDA Godfrey K,HP,97,0.72,0.6,,,,,
,,,NGONDO Winright K,APC,89,0.66,0.55,,,,,
,,,,,"13,235",98.26,81.55,234,1.74,"13,469","16,229",82.99
,,086 Isoka West,MWANAWASA Levy,MMD,"8,775",69.36,48.27,,,,,
,,,HICHILEMA Hakainde,"UPND, FDD, UNIP (UDA)","1,758",13.9,9.67,,,,,
,,,SATA Michael M.C,PF,"1,570",12.41,8.64,,,,,
,,,MIYANDA Godfrey K,HP,105,0.83,0.58,,,,,
,,,NGONDO Winright K,APC,94,0.74,0.52,,,,,
,,,,,"12,302",97.23,67.68,350,2.77,"12,652","18,178",69.6
NORTHERN,KAPUTA,088 Chimbamilonga,MWANAWASA Levy,MMD,"5,365",50.93,34.94,,,,,
,,,SATA Michael M.C,PF,"3,321",31.52,21.63,,,,,
,,,HICHILEMA Hakainde,"UPND, FDD, UNIP (UDA)","1,460",13.86,9.51,,,,,
,,,MIYANDA Godfrey K,HP,110,1.04,0.72,,,,,
,,,NGONDO Winright K,APC,77,0.73,0.5,,,,,
,,,,,"10,333",98.08,67.3,202,1.92,"10,535","15,353",68.62
,,089 Kaputa,MWANAWASA Levy,MMD,"6,097",48.13,35.26,,,,,
,,,SATA Michael M.C,PF,"4,539",35.83,26.25,,,,,
,,,HICHILEMA Hakainde,"UPND, FDD, UNIP (UDA)","1,527",12.05,8.83,,,,,
,,,MIYANDA Godfrey K,HP,132,1.04,0.76,,,,,
,,,NGONDO Winright K,APC,77,0.61,0.45,,,,,
,,,,,"12,372",97.66,71.55,296,2.34,"12,668","17,292",73.26
,KASAMA,090 Kasama Central,SATA Michael M.C,PF,"16,435",64.79,47.71,,,,,
,,,MWANAWASA Levy,MMD,"7,303",28.79,21.2,,,,,
,,,HICHILEMA Hakainde,"UPND, FDD, UNIP (UDA)",799,3.15,2.32,,,,,
,,,MIYANDA Godfrey K,HP,260,1.02,0.75,,,,,
,,,NGONDO Winright K,APC,141,0.56,0.41,,,,,
,,,,,"24,938",98.31,72.39,429,1.69,"25,367","34,450",73.63
,,091 Lukashya,SATA Michael M.C,PF,"13,166",55.63,39.37,,,,,
,,,MWANAWASA Levy,MMD,"8,817",37.25,26.37,,,,,
,,,HICHILEMA Hakainde,"UPND, FDD, UNIP (UDA)",595,2.51,1.78,,,,,
,,,MIYANDA Godfrey K,HP,272,1.15,0.81,,,,,
,,,NGONDO Winright K,APC,168,0.71,0.5,,,,,
,,,,,"23,018",97.25,68.84,651,2.75,"23,669","33,438",70.78
,LUWINGU,093 Lubansenshi,SATA Michael M.C,PF,"6,549",54.34,41.85,,,,,
,,,MWANAWASA Levy,MMD,"4,527",37.56,28.93,,,,,
,,,HICHILEMA Hakainde,"UPND, FDD, UNIP (UDA)",517,4.29,3.3,,,,,
,,,MIYANDA Godfrey K,HP,89,0.74,0.57,,,,,
,,,NGONDO Winright K,APC,54,0.45,0.35,,,,,
,,,,,"11,736",97.37,75,317,2.63,"12,053","15,649",77.02
,,094 Lupososhi,SATA Michael M.C,PF,8334,59.25,43.34,,,,,
,,,MWANAWASA Levy,MMD,4726,33.6,24.58,,,,,
,,,HICHILEMA Hakainde,"UPND, FDD, UNIP (UDA)",481,3.42,2.5,,,,,
,,,MIYANDA Godfrey K,HP,113,0.8,0.59,,,,,
,,,NGONDO Winright K,APC,72,0.51,0.37,,,,,
,,,,,13726,97.58,71.38,341,2.42,"14,067","19,230",73.15
NORTHERN,MBALA,095 Mbala,MWANAWASA Levy,MMD,"16,287",82.45,60.16,,,,,
,,,SATA Michael M.C,PF,"1,868",9.46,6.9,,,,,
,,,HICHILEMA Hakainde,"UPND, FDD, UNIP (UDA)",766,3.88,2.83,,,,,
,,,MIYANDA Godfrey K,HP,218,1.1,0.81,,,,,
,,,NGONDO Winright K,APC,145,0.73,0.54,,,,,
,,,,,"19,284",97.63,71.22,469,2.37,"19,753","27,075",72.96
,,097 Senga Hill,MWANAWASA Levy,MMD,"13,562",80.58,61.18,,,,,
,,,SATA Michael M.C,PF,"2,143",12.73,9.67,,,,,
,,,HICHILEMA Hakainde,"UPND, FDD, UNIP (UDA)",365,2.17,1.65,,,,,
,,,MIYANDA Godfrey K,HP,149,0.89,0.67,,,,,
,,,NGONDO Winright K,APC,142,0.84,0.64,,,,,
,,,,,"16,361",97.21,73.8,470,2.79,"16,831","22,169",75.92
,,098 Kanchibiya,SATA Michael M.C,PF,"9,421",67.18,45.46,,,,,
,,,MWANAWASA Levy,MMD,"3,391",24.18,16.36,,,,,
,,,HICHILEMA Hakainde,"UPND, FDD, UNIP (UDA)",982,7,4.74,,,,,
,,,NGONDO Winright K,APC,118,0.84,0.57,,,,,
,,,MIYANDA Godfrey K,HP,111,0.79,0.54,,,,,
,,,,,"14,023",100,67.67,0,0,"14,023","20,722",67.67
,,099 Mfuwe,MWANAWASA Levy,MMD,"3,897",46.61,31.48,,,,,
,,,SATA Michael M.C,PF,"3,310",39.59,26.74,,,,,
,,,HICHILEMA Hakainde,"UPND, FDD, UNIP (UDA)",806,9.64,6.51,,,,,
,,,NGONDO Winright K,APC,195,2.33,1.58,,,,,
,,,MIYANDA Godfrey K,HP,153,1.83,1.24,,,,,
,,,,,"8,361",100,67.55,0,0,"8,361","12,378",67.55
,,100 Mpika Central,SATA Michael M.C,PF,"9,378",60.11,41.8,,,,,
,,,MWANAWASA Levy,MMD,"5,271",33.79,23.49,,,,,
,,,HICHILEMA Hakainde,"UPND, FDD, UNIP (UDA)",753,4.83,3.36,,,,,
,,,NGONDO Winright K,APC,102,0.65,0.45,,,,,
,,,MIYANDA Godfrey K,HP,97,0.62,0.43,,,,,
,,,,,"15,601",100,69.54,0,0,"15,601","22,436",69.54
NORTHERN,MPOROKOSO,101 Lunte,MWANAWASA Levy,MMD,"6,510",50.14,38.96,,,,,
,,,SATA Michael M.C,PF,"5,866",45.18,35.11,,,,,
,,,HICHILEMA Hakainde,"UPND, FDD, UNIP (UDA)",158,1.22,0.95,,,,,
,,,MIYANDA Godfrey K,HP,105,0.81,0.63,,,,,
,,,NGONDO Winright K,APC,71,0.55,0.42,,,,,
,,,,,"12,710",97.89,76.07,274,2.11,"12,984","16,709",77.71
,,102 Mporokoso,SATA Michael M.C,PF,"4,155",48.18,34.28,,,,,
,,,MWANAWASA Levy,MMD,"3,309",38.37,27.3,,,,,
,,,HICHILEMA Hakainde,"UPND, FDD, UNIP (UDA)",794,9.21,6.55,,,,,
,,,MIYANDA Godfrey K,HP,92,1.07,0.76,,,,,
,,,NGONDO Winright K,APC,68,0.79,0.56,,,,,
,,,,,"8,418",97.61,69.46,206,2.39,"8,624","12,120",71.16
,NAKONDE,087 Nakonde,MWANAWASA Levy,MMD,"14,389",75.17,54.72,,,,,
,,,SATA Michael M.C,PF,"2,746",14.35,10.44,,,,,
,,,HICHILEMA Hakainde,"UPND, FDD, UNIP (UDA)",1013,5.29,3.85,,,,,
,,,MIYANDA Godfrey K,HP,228,1.19,0.87,,,,,
,,,NGONDO Winright K,APC,118,0.62,0.45,,,,,
,,,,,"18,494",96.61,70.33,648,3.39,"19,142","26,295",72.8
,MUNGWI,092 Malole,SATA Michael M.C,PF,"16,062",55.54,40.17,,,,,
,,,MWANAWASA Levy,MMD,"11,052",38.21,27.64,,,,,
,,,HICHILEMA Hakainde,"UPND, FDD, UNIP (UDA)",521,1.8,1.3,,,,,
,,,NGONDO Winright K,APC,330,1.14,0.83,,,,,
,,,MIYANDA Godfrey K,HP,258,0.89,0.65,,,,,
,,,,,"28,223",97.58,70.58,699,2.42,"28,922","39,988",72.33
,MPULUNGU,096 Mpulungu,MWANAWASA Levy,MMD,"13,004",73.51,50.57,,,,,
,,,SATA Michael M.C,PF,"2,144",12.12,8.34,,,,,
,,,HICHILEMA Hakainde,"UPND, FDD, UNIP (UDA)",1710,9.67,6.65,,,,,
,,,NGONDO Winright K,APC,211,1.19,0.82,,,,,
,,,MIYANDA Godfrey K,HP,183,1.03,0.71,,,,,
,,,,,"17,252",97.52,67.09,439,2.48,"17,691","25,713",68.8
NORTH-WESTERN,KABOMPO,104 Kabompo East,MWANAWASA Levy,MMD,"7,884",63.8,48.82,,,,,
,,,HICHILEMA Hakainde,"UPND, FDD, UNIP (UDA)","4,000",32.37,24.77,,,,,
,,,SATA Michael M.C,PF,83,0.67,0.51,,,,,
,,,MIYANDA Godfrey K,HP,70,0.57,0.43,,,,,
,,,NGONDO Winright K,APC,30,0.24,0.19,,,,,
,,,,,"12,067",97.65,74.73,291,2.35,"12,358","16,148",76.53
NORTH-WESTERN,KABOMPO,105 Kabompo West,MWANAWASA Levy,MMD,"7,747",63.45,47.67,,,,,
,,,HICHILEMA Hakainde,"UPND, FDD, UNIP (UDA)","3,723",30.49,22.91,,,,,
,,,MIYANDA Godfrey K,HP,159,1.3,0.98,,,,,
,,,SATA Michael M.C,PF,146,1.2,0.9,,,,,
,,,NGONDO Winright K,APC,111,0.91,0.68,,,,,
,,,,,"11,886",97.35,73.14,324,2.65,"12,210","16,250",75.14
,KASEMPA,106 Kasempa,MWANAWASA Levy,MMD,"11,535",83.43,54.13,,,,,
,,,HICHILEMA Hakainde,"UPND, FDD, UNIP (UDA)","1,421",10.28,6.67,,,,,
,,,SATA Michael M.C,PF,223,1.61,1.05,,,,,
,,,MIYANDA Godfrey K,HP,147,1.06,0.69,,,,,
,,,NGONDO Winright K,APC,45,0.33,0.21,,,,,
,,,,,"13,371",96.71,62.75,455,3.29,"13,826","21,310",64.88
,MUFUMBWE,107 Mufumbwe,MWANAWASA Levy,MMD,"11,218",77.9,57.12,,,,,
,,,HICHILEMA Hakainde,"UPND, FDD, UNIP (UDA)","2,710",18.82,13.8,,,,,
,,,MIYANDA Godfrey K,HP,240,1.67,1.22,,,,,
,,,SATA Michael M.C,PF,129,0.9,0.66,,,,,
,,,NGONDO Winright K,APC,104,0.72,0.53,,,,,
,,,,,"14,401",100,73.32,0,0,"14,401","19,641",73.32
,MWINILUNGA,108 Mwinilunga East,MWANAWASA Levy,MMD,"12,201",53.4,43,,,,,
,,,HICHILEMA Hakainde,"UPND, FDD, UNIP (UDA)","9,062",39.66,31.94,,,,,
,,,MIYANDA Godfrey K,HP,476,2.08,1.68,,,,,
,,,NGONDO Winright K,APC,211,0.92,0.74,,,,,
,,,SATA Michael M.C,PF,158,0.69,0.56,,,,,
,,,,,"22,108",96.76,77.91,740,3.24,"22,848","28,376",80.52
,,109 Mwinilunga West,MWANAWASA Levy,MMD,"11,642",61.54,49.51,,,,,
,,,HICHILEMA Hakainde,"UPND, FDD, UNIP (UDA)","6,248",33.03,26.57,,,,,
,,,MIYANDA Godfrey K,HP,200,1.06,0.85,,,,,
,,,SATA Michael M.C,PF,178,0.94,0.76,,,,,
,,,NGONDO Winright K,APC,166,0.88,0.71,,,,,
,,,,,"18,434",97.45,78.39,483,2.55,"18,917","23,516",80.44
,SOLWEZI,110 Solwezi Central,MWANAWASA Levy,MMD,"16,072",69.12,46.4,,,,,
,,,HICHILEMA Hakainde,"UPND, FDD, UNIP (UDA)","4,204",18.08,12.14,,,,,
,,,SATA Michael M.C,PF,1859,7.99,5.37,,,,,
,,,MIYANDA Godfrey K,HP,264,1.14,0.76,,,,,
,,,NGONDO Winright K,APC,108,0.46,0.31,,,,,
,,,,,"22,507",96.79,64.97,746,3.21,"23,253","34,640",67.13
,,111 Solwezi East,MWANAWASA Levy,MMD,"6,734",69.55,42.06,,,,,
,,,HICHILEMA Hakainde,"UPND, FDD, UNIP (UDA)","2,348",24.25,14.67,,,,,
,,,MIYANDA Godfrey K,HP,159,1.64,0.99,,,,,
,,,SATA Michael M.C,PF,109,1.13,0.68,,,,,
,,,NGONDO Winright K,APC,58,0.6,0.36,,,,,
,,,,,"9,408",97.17,58.76,274,2.83,"9,682","16,010",60.47
NORTH-WESTERN,,112 Solwezi West,MWANAWASA Levy,MMD,"12,888",74.36,53.25,,,,,
,,,HICHILEMA Hakainde,"UPND, FDD, UNIP (UDA)","2,831",16.33,11.7,,,,,
,,,MIYANDA Godfrey K,HP,341,1.97,1.41,,,,,
,,,SATA Michael M.C,PF,233,1.34,0.96,,,,,
,,,NGONDO Winright K,APC,83,0.48,0.34,,,,,
,,,,,"16,376",94.49,67.66,955,5.51,"17,331","24,204",71.6
,ZAMBEZI,113 Zambezi East,MWANAWASA Levy,MMD,"11,909",76.83,56.9,,,,,
,,,HICHILEMA Hakainde,"UPND, FDD, UNIP (UDA)","2,946",19.01,14.07,,,,,
,,,MIYANDA Godfrey K,HP,188,1.21,0.9,,,,,
,,,SATA Michael M.C,PF,155,1,0.74,,,,,
,,,NGONDO Winright K,APC,72,0.46,0.34,,,,,
,,,,,"15,270",98.52,72.95,230,1.48,"15,500","20,931",74.05
,,114Zambezi West,MWANAWASA Levy,MMD,"3,271",51.96,34.94,,,,,
,,,HICHILEMA Hakainde,"UPND, FDD, UNIP (UDA)","2,712",43.08,28.97,,,,,
,,,MIYANDA Godfrey K,HP,65,1.03,0.69,,,,,
,,,NGONDO Winright K,APC,52,0.83,0.56,,,,,
,,,SATA Michael M.C,PF,43,0.68,0.46,,,,,
,,,,,"6,143",97.59,65.62,152,2.41,"6,295","9,362",67.24
,CHAVUMA,103 Chavuma,MWANAWASA Levy,MMD,"8,089",71.27,56.7,,,,,
,,,HICHILEMA Hakainde,"UPND, FDD, UNIP (UDA)","3,050",26.87,21.38,,,,,
,,,SATA Michael M.C,PF,70,0.62,0.49,,,,,
,,,MIYANDA Godfrey K,HP,69,0.61,0.48,,,,,
,,,NGONDO Winright K,APC,50,0.44,0.35,,,,,
,,,,,"11,328",99.81,79.4,22,0.19,"11,350","14,267",79.55
SOUTHERN,CHOMA,115 Choma Central,HICHILEMA Hakainde,"UPND, FDD, UNIP (UDA)","24,415",81.47,60.05,,,,,
,,,MWANAWASA Levy,MMD,"4,156",13.87,10.22,,,,,
,,,SATA Michael M.C,PF,913,3.05,2.25,,,,,
,,,MIYANDA Godfrey K,HP,368,1.23,0.91,,,,,
,,,NGONDO Winright K,APC,115,0.38,0.28,,,,,
,,,,,"29,967",100,73.71,0,0,"29,967","40,655",73.71
,,116 Mbabala,HICHILEMA Hakainde,"UPND, FDD, UNIP (UDA)","12,719",78.4,63.39,,,,,
,,,MWANAWASA Levy,MMD,"2,891",17.82,14.41,,,,,
,,,MIYANDA Godfrey K,HP,156,0.96,0.78,,,,,
,,,SATA Michael M.C,PF,54,0.33,0.27,,,,,
,,,NGONDO Winright K,APC,48,0.3,0.24,,,,,
,,,,,"15,868",97.81,79.08,355,2.19,"16,223","20,066",80.85
SOUTHERN,CHOMA,117 Pemba,HICHILEMA Hakainde,"UPND, FDD, UNIP (UDA)","12,713",79.77,63.92,,,,,
,,,MWANAWASA Levy,MMD,"2,359",14.8,11.86,,,,,
,,,MIYANDA Godfrey K,HP,282,1.77,1.42,,,,,
,,,NGONDO Winright K,APC,73,0.46,0.37,,,,,
,,,SATA Michael M.C,PF,31,0.19,0.16,,,,,
,,,,,"15,458",96.99,77.72,480,3.01,"15,938","19,889",80.13
,GWEMBE,118 Gwembe,HICHILEMA Hakainde,"UPND, FDD, UNIP (UDA)","12,709",82.56,68.95,,,,,
,,,MWANAWASA Levy,MMD,"1,877",12.19,10.18,,,,,
,,,MIYANDA Godfrey K,HP,163,1.06,0.88,,,,,
,,,SATA Michael M.C,PF,139,0.9,0.75,,,,,
,,,NGONDO Winright K,APC,108,0.7,0.59,,,,,
,,,,,"14,996",97.41,81.36,398,2.59,"15,394","18,431",83.52
,KALOMO,119 Dundumwezi,HICHILEMA Hakainde,"UPND, FDD, UNIP (UDA)","14,696",88.83,66.82,,,,,
,,,MWANAWASA Levy,MMD,669,4.04,3.04,,,,,
,,,MIYANDA Godfrey K,HP,463,2.8,2.11,,,,,
,,,SATA Michael M.C,PF,136,0.82,0.62,,,,,
,,,NGONDO Winright K,APC,101,0.61,0.46,,,,,
,,,,,"16,065",97.1,73.04,479,2.9,"16,544","21,994",75.22
,,120 Kalomo Central,HICHILEMA Hakainde,"UPND, FDD, UNIP (UDA)","19,167",79.68,61.17,,,,,
,,,MWANAWASA Levy,MMD,"3,447",14.33,11,,,,,
,,,MIYANDA Godfrey K,HP,349,1.45,1.11,,,,,
,,,SATA Michael M.C,PF,291,1.21,0.93,,,,,
,,,NGONDO Winright K,APC,149,0.62,0.48,,,,,
,,,,,"23,403",97.29,74.69,652,2.71,"24,055","31,334",76.77
,,122 Mapatizya,HICHILEMA Hakainde,"UPND, FDD, UNIP (UDA)","13,053",69.63,58.77,,,,,
,,,MWANAWASA Levy,MMD,"4,419",23.57,19.9,,,,,
,,,MIYANDA Godfrey K,HP,333,1.78,1.5,,,,,
,,,NGONDO Winright K,APC,170,0.91,0.77,,,,,
,,,SATA Michael M.C,PF,154,0.82,0.69,,,,,
,,,,,"18,129",96.71,81.62,616,3.29,"18,745","22,211",84.4
SOUTHERN,KAZUNGULA,121 Katombola,HICHILEMA Hakainde,"UPND, FDD, UNIP (UDA)","16,158",60.69,46.78,,,,,
,,,MWANAWASA Levy,MMD,"8,953",33.63,25.92,,,,,
,,,MIYANDA Godfrey K,HP,444,1.67,1.29,,,,,
,,,SATA Michael M.C,PF,302,1.13,0.87,,,,,
,,,NGONDO Winright K,APC,120,0.45,0.35,,,,,
,,,,,"25,977",97.56,75.21,649,2.44,"26,626","34,538",77.09
,LIVINGSTONE,123 Livingstone,HICHILEMA Hakainde,"UPND, FDD, UNIP (UDA)","15,198",42.22,30.96,,,,,
,,,MWANAWASA Levy,MMD,"13,499",37.5,27.5,,,,,
,,,SATA Michael M.C,PF,"6,797",18.88,13.85,,,,,
,,,MIYANDA Godfrey K,HP,438,1.22,0.89,,,,,
,,,NGONDO Winright K,APC,63,0.18,0.13,,,,,
,,,,,"35,995",100,73.33,0,0,"35,995","49,089",73.33
,MAZABUKA,124 Chikankata,HICHILEMA Hakainde,"UPND, FDD, UNIP (UDA)","14,412",78.47,62.28,,,,,
,,,MWANAWASA Levy,MMD,"2,465",13.42,10.65,,,,,
,,,SATA Michael M.C,PF,649,3.53,2.8,,,,,
,,,MIYANDA Godfrey K,HP,382,2.08,1.65,,,,,
,,,NGONDO Winright K,APC,89,0.48,0.38,,,,,
,,,,,"17,997",97.99,77.77,370,2.01,"18,367","23,140",79.37
,,125 Magoye,HICHILEMA Hakainde,"UPND, FDD, UNIP (UDA)","11,815",80.6,59.95,,,,,
,,,MWANAWASA Levy,MMD,"2,236",15.25,11.35,,,,,
,,,MIYANDA Godfrey K,HP,209,1.43,1.06,,,,,
,,,SATA Michael M.C,PF,139,0.95,0.71,,,,,
,,,NGONDO Winright K,APC,0,0,0,,,,,
,,,,,"14,399",98.23,73.06,259,1.77,"14,658","19,708",74.38
,,126 Mazabuka Central,HICHILEMA Hakainde,"UPND, FDD, UNIP (UDA)","16,823",67.7,48.35,,,,,
,,,MWANAWASA Levy,MMD,"5,797",23.33,16.66,,,,,
,,,SATA Michael M.C,PF,"1,556",6.26,4.47,,,,,
,,,MIYANDA Godfrey K,HP,251,1.01,0.72,,,,,
,,,NGONDO Winright K,APC,60,0.24,0.17,,,,,
,,,,,"24,487",98.54,70.38,362,1.46,"24,849","34,793",71.42
,MONZE,127 Bweengwa,HICHILEMA Hakainde,"UPND, FDD, UNIP (UDA)","11,061",89.35,69.78,,,,,
,,,MWANAWASA Levy,MMD,972,7.85,6.13,,,,,
,,,MIYANDA Godfrey K,HP,71,0.57,0.45,,,,,
,,,SATA Michael M.C,PF,62,0.5,0.39,,,,,
,,,NGONDO Winright K,APC,24,0.19,0.15,,,,,
,,,,,"12,190",98.47,76.9,189,1.53,"12,379","15,851",78.1
,,128 Monze Central,HICHILEMA Hakainde,"UPND, FDD, UNIP (UDA)","19,785",83.1,63.88,,,,,
,,,MWANAWASA Levy,MMD,"2,786",11.7,9,,,,,
,,,SATA Michael M.C,PF,557,2.34,1.8,,,,,
,,,MIYANDA Godfrey K,HP,158,0.66,0.51,,,,,
,,,NGONDO Winright K,APC,53,0.22,0.17,,,,,
,,,,,"23,339",98.03,75.36,470,1.97,"23,809","30,971",76.88
,,129 Moomba,HICHILEMA Hakainde,"UPND, FDD, UNIP (UDA)","7,297",85.95,67.97,,,,,
,,,MWANAWASA Levy,MMD,862,10.15,8.03,,,,,
,,,MIYANDA Godfrey K,HP,54,0.64,0.5,,,,,
,,,SATA Michael M.C,PF,40,0.47,0.37,,,,,
,,,NGONDO Winright K,APC,37,0.44,0.34,,,,,
,,,,,"8,290",97.64,77.22,200,2.36,"8,490","10,735",79.09
SOUTHERN,ITEZHI-TEZHI,130 Itezhi-Tezhi,HICHILEMA Hakainde,"UPND, FDD, UNIP (UDA)","7,576",54.55,35.95,,,,,
,,,MWANAWASA Levy,MMD,"5,665",40.79,26.88,,,,,
,,,SATA Michael M.C,PF,202,1.45,0.96,,,,,
,,,MIYANDA Godfrey K,HP,139,1,0.66,,,,,
,,,NGONDO Winright K,APC,47,0.34,0.22,,,,,
,,,,,"13,629",98.14,64.67,259,1.86,"13,888","21,076",65.89
,NAMWALA,131 Namwala,HICHILEMA Hakainde,"UPND, FDD, UNIP (UDA)","14,098",73.78,52.44,,,,,
,,,MWANAWASA Levy,MMD,"4,099",21.45,15.25,,,,,
,,,MIYANDA Godfrey K,HP,241,1.26,0.9,,,,,
,,,SATA Michael M.C,PF,123,0.64,0.46,,,,,
,,,NGONDO Winright K,APC,73,0.38,0.27,,,,,
,,,,,"18,634",97.52,69.31,473,2.48,"19,107","26,884",71.07
,SIAVONGA,132 Siavonga,HICHILEMA Hakainde,"UPND, FDD, UNIP (UDA)","15,704",74.85,56.16,,,,,
,,,MWANAWASA Levy,MMD,"3,747",17.86,13.4,,,,,
,,,SATA Michael M.C,PF,911,4.34,3.26,,,,,
,,,MIYANDA Godfrey K,HP,427,2.04,1.53,,,,,
,,,NGONDO Winright K,APC,192,0.92,0.69,,,,,
,,,,,"20,981",100,75.03,0,0,"20,981","27,962",75.03
,SINAZONGWE,133 Sinazongwe,HICHILEMA Hakainde,"UPND, FDD, UNIP (UDA)","19,930",73.4,58.22,,,,,
,,,MWANAWASA Levy,MMD,"4,755",17.51,13.89,,,,,
,,,MIYANDA Godfrey K,HP,713,2.63,2.08,,,,,
,,,SATA Michael M.C,PF,303,1.12,0.89,,,,,
,,,NGONDO Winright K,APC,182,0.67,0.53,,,,,
,,,,,"25,883",95.32,75.61,"1,270",4.68,"27,153","34,230",79.33
WESTERN,KALABO,134  Kalabo Central,MWANAWASA Levy,MMD,"11,368",74.88,51.09,,,,,
,,,HICHILEMA Hakainde,"UPND, FDD, UNIP (UDA)","2,955",19.47,13.28,,,,,
,,,SATA Michael M.C,PF,519,3.42,2.33,,,,,
,,,MIYANDA Godfrey K,HP,163,1.07,0.73,,,,,
,,,NGONDO Winright K,APC,101,0.67,0.45,,,,,
,,,,,"15,106",99.51,67.89,75,0.49,"15,181","22,251",68.23
WESTERN,KALABO,135 Liuwa,MWANAWASA Levy,MMD,"5,846",78.13,56.62,,,,,
,,,HICHILEMA Hakainde,"UPND, FDD, UNIP (UDA)",843,11.27,8.16,,,,,
,,,SATA Michael M.C,PF,414,5.53,4.01,,,,,
,,,MIYANDA Godfrey K,HP,126,1.68,1.22,,,,,
,,,NGONDO Winright K,APC,48,0.64,0.46,,,,,
,,,,,"7,277",97.26,70.48,205,2.74,"7,482","10,325",72.46
,,136 Sikongo,MWANAWASA Levy,MMD,"6,384",67.41,41.22,,,,,
,,,HICHILEMA Hakainde,"UPND, FDD, UNIP (UDA)","2,399",25.33,15.49,,,,,
,,,SATA Michael M.C,PF,154,1.63,0.99,,,,,
,,,MIYANDA Godfrey K,HP,117,1.24,0.76,,,,,
,,,NGONDO Winright K,APC,78,0.82,0.5,,,,,
,,,,,"9,132",96.42,58.96,339,3.58,"9,471","15,488",61.15
,KAOMA,137 Kaoma Central,MWANAWASA Levy,MMD,"10,572",72.26,38.31,,,,,
,,,HICHILEMA Hakainde,"UPND, FDD, UNIP (UDA)","2,401",16.41,8.7,,,,,
,,,SATA Michael M.C,PF,766,5.24,2.78,,,,,
,,,MIYANDA Godfrey K,HP,239,1.63,0.87,,,,,
,,,NGONDO Winright K,APC,129,0.88,0.47,,,,,
,,,,,"14,107",96.42,51.12,524,3.58,"14,631","27,598",53.01
,,138 Luampa,MWANAWASA Levy,MMD,"9,899",81.63,57.2,,,,,
,,,HICHILEMA Hakainde,"UPND, FDD, UNIP (UDA)","1,476",12.17,8.53,,,,,
,,,SATA Michael M.C,PF,200,1.65,1.16,,,,,
,,,MIYANDA Godfrey K,HP,95,0.78,0.55,,,,,
,,,NGONDO Winright K,APC,52,0.43,0.3,,,,,
,,,,,"11,722",96.66,67.73,405,3.34,"12,127","17,306",70.07
,,139 Mangango,MWANAWASA Levy,MMD,"7,084",73.71,49.8,,,,,
,,,HICHILEMA Hakainde,"UPND, FDD, UNIP (UDA)","1,745",18.16,12.27,,,,,
,,,SATA Michael M.C,PF,242,2.52,1.7,,,,,
,,,MIYANDA Godfrey K,HP,114,1.19,0.8,,,,,
,,,NGONDO Winright K,APC,95,0.99,0.67,,,,,
,,,,,"9,280",96.57,65.24,330,3.43,"9,610","14,225",67.56
WESTERN,LUKULU,140 Lukulu East,MWANAWASA Levy,MMD,"10,543",69.99,50.04,,,,,
,,,HICHILEMA Hakainde,"UPND, FDD, UNIP (UDA)","1,618",10.74,7.68,,,,,
,,,SATA Michael M.C,PF,1158,7.69,5.5,,,,,
,,,MIYANDA Godfrey K,HP,1025,6.8,4.86,,,,,
,,,NGONDO Winright K,APC,300,1.99,1.42,,,,,
,,,,,"14,644",97.22,69.5,419,2.78,"15,063","21,071",71.49
,,141 Lukulu West,MWANAWASA Levy,MMD,"5,533",77.46,55.17,,,,,
,,,HICHILEMA Hakainde,"UPND, FDD, UNIP (UDA)",626,8.76,6.24,,,,,
,,,SATA Michael M.C,PF,472,6.61,4.71,,,,,
,,,MIYANDA Godfrey K,HP,306,4.28,3.05,,,,,
,,,NGONDO Winright K,APC,96,1.34,0.96,,,,,
,,,,,"7,033",98.46,70.13,110,1.54,"7,143","10,029",71.22
,MONGU,142 Luena,MWANAWASA Levy,MMD,"9,886",87.41,63.2,,,,,
,,,HICHILEMA Hakainde,"UPND, FDD, UNIP (UDA)",410,3.63,2.62,,,,,
,,,SATA Michael M.C,PF,403,3.56,2.58,,,,,
,,,NGONDO Winright K,APC,206,1.82,1.32,,,,,
,,,MIYANDA Godfrey K,HP,78,0.69,0.5,,,,,
,,,,,"10,983",97.11,70.21,327,2.89,"11,310","15,642",72.31
,,143 Mongu Central,MWANAWASA Levy,MMD,"16,950",74.93,48.44,,,,,
,,,SATA Michael M.C,PF,"3,280",14.5,9.37,,,,,
,,,HICHILEMA Hakainde,"UPND, FDD, UNIP (UDA)","1,453",6.42,4.15,,,,,
,,,MIYANDA Godfrey K,HP,255,1.13,0.73,,,,,
,,,NGONDO Winright K,APC,204,0.9,0.58,,,,,
,,,,,"22,142",97.88,63.28,479,2.12,"22,621","34,991",64.65
,,144 Nalikwanda,MWANAWASA Levy,MMD,"10,043",84.48,60.37,,,,,
,,,SATA Michael M.C,PF,"1,029",8.66,6.19,,,,,
,,,HICHILEMA Hakainde,"UPND, FDD, UNIP (UDA)",376,3.16,2.26,,,,,
,,,MIYANDA Godfrey K,HP,194,1.63,1.17,,,,,
,,,NGONDO Winright K,APC,167,1.4,1,,,,,
,,,,,"11,809",99.34,70.99,79,0.66,"11,888","16,635",71.46
,SENANGA,145 Nalolo,MWANAWASA Levy,MMD,"10,878",75.77,53.45,,,,,
,,,SATA Michael M.C,PF,"2,378",16.56,11.69,,,,,
,,,HICHILEMA Hakainde,"UPND, FDD, UNIP (UDA)",487,3.39,2.39,,,,,
,,,MIYANDA Godfrey K,HP,212,1.48,1.04,,,,,
,,,NGONDO Winright K,APC,120,0.84,0.59,,,,,
,,,,,"14,075",98.04,69.16,282,1.96,"14,357","20,350",70.55
WESTERN,SENANGA,146 Senanga Central,MWANAWASA Levy,MMD,"13,224",81.55,56.18,,,,,
,,,HICHILEMA Hakainde,"UPND, FDD, UNIP (UDA)","1,521",9.38,6.46,,,,,
,,,SATA Michael M.C,PF,844,5.21,3.59,,,,,
,,,MIYANDA Godfrey K,HP,198,1.22,0.84,,,,,
,,,NGONDO Winright K,APC,86,0.53,0.37,,,,,
,,,,,"15,873",97.89,67.44,342,2.11,"16,215","23,538",68.89
,SESHEKE,148 Mulobezi,MWANAWASA Levy,MMD,"5,067",68.21,47.13,,,,,
,,,HICHILEMA Hakainde,"UPND, FDD, UNIP (UDA)","1,879",25.29,17.48,,,,,
,,,SATA Michael M.C,PF,96,1.29,0.89,,,,,
,,,MIYANDA Godfrey K,HP,91,1.22,0.85,,,,,
,,,NGONDO Winright K,APC,62,0.83,0.58,,,,,
,,,,,"7,195",96.85,66.92,234,3.15,"7,429","10,752",69.09
,,149 Mwandi,MWANAWASA Levy,MMD,"5,476",78.67,55.63,,,,,
,,,HICHILEMA Hakainde,"UPND, FDD, UNIP (UDA)","1,135",16.31,11.53,,,,,
,,,SATA Michael M.C,PF,67,0.96,0.68,,,,,
,,,MIYANDA Godfrey K,HP,43,0.62,0.44,,,,,
,,,NGONDO Winright K,APC,22,0.32,0.22,,,,,
,,,,,"6,743",96.87,68.5,218,3.13,"6,961","9,844",70.71
,,,,,,,,,,,,
,,150 Sesheke Central,MWANAWASA Levy,MMD,"8,268",81.5,56.66,,,,,
,,,HICHILEMA Hakainde,"UPND, FDD, UNIP (UDA)","1,296",12.77,8.88,,,,,
,,,SATA Michael M.C,PF,227,2.24,1.56,,,,,
,,,MIYANDA Godfrey K,HP,71,0.7,0.49,,,,,
,,,NGONDO Winright K,APC,55,0.54,0.38,,,,,
,,,,,"9,917",97.75,67.96,228,2.25,"10,145","14,592",69.52
,SHANGOMBO,147 Sinjembela,MWANAWASA Levy,MMD,"13,611",62.28,43.27,,,,,
,,,HICHILEMA Hakainde,"UPND, FDD, UNIP (UDA)","3,112",14.24,9.89,,,,,
,,,SATA Michael M.C,PF,"2,639",12.07,8.39,,,,,
,,,MIYANDA Godfrey K,HP,973,4.45,3.09,,,,,
,,,NGONDO Winright K,APC,449,2.05,1.43,,,,,
,,,,,"20,784",95.1,66.07,1072,4.9,"21,856","31,458",69.48